timestamp,linear_acceleration_x,linear_acceleration_y,linear_acceleration_z,angular_velocity_x,angular_velocity_y,angular_velocity_z
1760957740.3956385,-0.01571547179388413,0.987411294546858,0.027709061731497325,-0.22835314936887055,-1.4136546469853324,-0.45835900840079985
1760957740.4054055,-0.013131906852350413,0.9868178932065985,0.027301690346875556,-0.2734143900516933,-1.4639788202810367,-0.4791721272562212
1760957740.4151766,-0.010647963370438654,0.9862486797722649,0.026905997963516778,-0.3144158772247675,-1.5045643335381613,-0.4986610860742748
1760957740.4251738,-0.008365104637172062,0.9857209340835315,0.02650834526084291,-0.3478164959624005,-1.5257736051365551,-0.5156161760888865
1760957740.4350114,-0.006377933591345488,0.9852504462282274,0.026099356749197708,-0.37103517096745503,-1.5195171661354379,-0.5289406749961948
1760957740.445046,-0.0047688678068474296,0.9848522472853529,0.025676914935345702,-0.3827282974749808,-1.479915800966943,-0.5377172278022404
1760957740.455427,-0.0036016596935259013,0.9845401663616696,0.025248444939872387,-0.3828760326003042,-1.40379944412887,-0.5412797518769664
1760957740.4650192,-0.002915076630375912,0.9843243972257958,0.02483173386412654,-0.3726787623080562,-1.2909782405761578,-0.5392849497079351
1760957740.475141,-0.002718136704590134,0.9842072864867082,0.024453194129693413,-0.3542989538544334,-1.1442355557322585,-0.531773207170085
1760957740.485078,-0.002987945496241481,0.9841791181638511,0.024143046049719504,-0.3305048498331815,-0.9690234453898138,-0.5192047505189459
1760957740.4952652,-0.0036706703168658096,0.9842166082710806,0.023928312560919377,-0.3042789354897446,-0.7728819143434442,-0.5024552279678006
1760957740.5051956,-0.004685672983054916,0.9842861818235885,0.023825828446296844,-0.2784499637459514,-0.5646446334594001,-0.48275846078996704
1760957740.515191,-0.005932353168445643,0.9843518732759724,0.023837736297605855,-0.2553973642820397,-0.3535259229876681,-0.4615943862216679
1760957740.5252206,-0.007298852951981724,0.9843850313344695,0.023951015911683107,-0.23686262194597885,-0.14820056240328938,-0.44053426531108114
1760957740.535291,-0.008671482216999636,0.9843716765362562,0.024141004360227137,-0.22388322918196082,0.04401236748788949,-0.42106739349061495
1760957740.545285,-0.009943605614997015,0.9843143456723504,0.02437738299917192,-0.21684234728449084,0.21776682007499923,-0.40443955104007934
1760957740.5550027,-0.011022952103145542,0.9842279836571977,0.024630353567435512,-0.2156057902642667,0.3700430594207269,-0.39153199907125374
1760957740.5650306,-0.011837042463858851,0.9841323160381742,0.024874931574437105,-0.2197031070069026,0.5002095341070552,-0.38280143400465816
1760957740.575275,-0.012337333992375958,0.9840445099335361,0.02509230815357505,-0.22850570975936527,0.6098065254635887,-0.3782875546284215
1760957740.5851781,-0.012502859547893503,0.9839749808748909,0.025268620030423423,-0.2413631904917232,0.7021028235218293,-0.3776791450798293
1760957740.595132,-0.012343223903793873,0.9839267409265101,0.02539254765994944,-0.25767580397270184,0.781507406034347,-0.3804165648884457
1760957740.6051042,-0.01189972106777779,0.9838967906910099,0.025453414762622632,-0.27690028741645195,0.852934397251487,-0.3858023856917372
1760957740.6149902,-0.011243277378189497,0.9838780775702684,0.025440926869847818,-0.29850234815032256,0.9212141726794536,-0.39309429350641956
1760957740.625151,-0.010468987077896225,0.9838617582101796,0.02534681509911259,-0.3218798085992268,0.9906164320856867,-0.40156420433193535
1760957740.6351106,-0.009688101888883631,0.9838402506978271,0.025167840493211868,-0.346285188346147,1.0645132364812038,-0.41052185692810234
1760957740.6451788,-0.009018531402442203,0.9838111289781452,0.02490903469804233,-0.370776166610782,1.145176153842182,-0.4193153349080603
1760957740.6551309,-0.008574415314858442,0.9837809187735652,0.024585823657792574,-0.39421747385417694,1.2336813713088977,-0.42732879642516797
1760957740.6652532,-0.00845504206910104,0.9837672222454461,0.024223955734683368,-0.4153474516726246,1.329892073225788,-0.4339943573896069
1760957740.67508,-0.008733726698532143,0.9837976642627861,0.023856919115486812,-0.4329063330923813,1.4324958090321553,-0.43882223403636433
1760957740.6851206,-0.009447809839510192,0.9839047551566503,0.023521416368530394,-0.44580467997046896,1.5390899369818531,-0.4414391054759047
1760957740.6951385,-0.010591194466922171,0.9841168110847207,0.023251983515737602,-0.4532963500857329,1.64632228587838,-0.4416174790737474
1760957740.705045,-0.012110774760485127,0.9844465669107505,0.0230758767531079,-0.4551167000778874,1.7500995730364108,-0.43928124678230895
1760957740.7154784,-0.013907930125538539,0.9848805895011913,0.023009165005116176,-0.45155438556614,1.8458701817376015,-0.43448165050871246
1760957740.7251546,-0.015845947129580637,0.9853731726041748,0.023054730836426614,-0.4434402608566488,1.9289738746923055,-0.4273483997970518
1760957740.735056,-0.017763578569664627,0.98584763216895,0.023202516197391342,-0.43205398337728784,1.9950350358823166,-0.4180284793218974
1760957740.7450526,-0.01949378465653722,0.9862061040505068,0.023431869805784353,-0.4189640423556019,2.040362606760809,-0.4066281920584723
1760957740.755087,-0.02088518159442938,0.9863465846946674,0.02371547468460271,-0.4058284709542355,2.0623108841663202,-0.39317211517542283
1760957740.7650943,-0.02182240335536435,0.9861835863986071,0.024024170089306726,-0.39419026859998874,2.0595524007686987,-0.3775874206092457
1760957740.775251,-0.022241173179328746,0.9856672045656868,0.02433191759954318,-0.38530128913983147,2.0322197880878177,-0.3597159932924288
1760957740.7851112,-0.022134904797057174,0.9847955896446423,0.024620064286181416,-0.3799997996227439,1.9818895759100121,-0.3393520974512506
1760957740.7952273,-0.0215519929197975,0.9836180636511559,0.024880025483101864,-0.378653161562667,1.9114056361556517,-0.31630035525435996
1760957740.8051007,-0.020585567829238156,0.9822293275368318,0.025113828635733516,-0.381164524565662,1.82456756049479,-0.29044633472442755
1760957740.8151686,-0.019359047966116424,0.9807575875884421,0.025332627900722847,-0.3870352898430384,1.7257320983778608,-0.26182921330742964
1760957740.8250248,-0.01801075007780346,0.9793498838094143,0.02555382123723539,-0.39547206906541804,1.6193888026599392,-0.23070378158124902
1760957740.8351047,-0.0166795824514009,0.9781567046445034,0.02579741600051696,-0.4055239479736695,1.5097730329027652,-0.19757949102266048
1760957740.8451736,-0.015492463694237565,0.9773164567667981,0.026082089370878428,-0.41623182633187844,1.4005700019588372,-0.1632279192772652
1760957740.8551548,-0.01455337401769866,0.9769398614716658,0.026421400781223958,-0.426769038790168,1.2947411568127065,-0.12865518364515244
1760957740.8651924,-0.01393407055843972,0.9770952041418852,0.02682075473514186,-0.43655385384228235,1.1944715268061659,-0.09503996352358678
1760957740.8751087,-0.013667240613434996,0.9777968132576835,0.027275689435021917,-0.4453192409498653,1.101205440950829,-0.06363955362016932
1760957740.8852065,-0.013743597600332733,0.9789999432765737,0.027771888883235642,-0.45313125343986893,1.01572265902163,-0.03566645404324762
1760957740.8950255,-0.014114308739824085,0.9806044014883684,0.028287132877380865,-0.46035294555727585,0.9382129602212964,-0.012139086935425623
1760957740.9050503,-0.014698922366868133,0.9824668630126342,0.02879513298795371,-0.4675556494352896,0.8683281642399331,0.006284535974458595
1760957740.9153178,-0.015397405445308482,0.9844192217356781,0.029270720177336097,-0.47538464099932287,0.8052145866387627,0.019471268928137726
1760957740.9251113,-0.01610403295521665,0.9862891665114728,0.02969530543960789,-0.48439359153402206,0.7475460049723855,0.02794465076040618
1760957740.9350777,-0.016720974147591883,0.9879198298585717,0.030061247129605166,-0.4948724746588084,0.6935827550184759,0.03294500591081647
1760957740.9450626,-0.017169999413031475,0.9891866673344896,0.03037385950328054,-0.506703706886211,0.6412772446967269,0.03637893088527466
1760957740.9550607,-0.01740119690696088,0.9900103799670681,0.030650237397479085,-0.519284904203852,0.5884330347668933,0.040631791317093546
1760957740.9650843,-0.01739784931077279,0.990364615623713,0.0309148617386626,-0.5315486253823527,0.532907002768837,0.048243246571865406
1760957740.9750996,-0.01717694987637557,0.9902772387227651,0.031193041357896745,-0.5420898386948958,0.47282574401420274,0.06148246623350243
1760957740.9851239,-0.016785282803699283,0.9898246164686242,0.03150421577033811,-0.5493856855965601,0.4067740081443143,0.08189627987488582
1760957740.9952443,-0.01629136736924538,0.9891193408418001,0.031857368287236336,-0.5520672640414649,0.33391234276420345,0.10992622259902392
1760957741.0050554,-0.01577390415154961,0.9882927661612192,0.03224997918405845,-0.54918743993334,0.2539983579852661,0.1446886105280456
1760957741.0151613,-0.015307919683630137,0.987474736990693,0.03267041307007591,-0.5404273502510439,0.16731672701777578,0.18398306876538742
1760957741.025224,-0.014950619552794253,0.9867738715176183,0.033102267999895976,-0.5261982727340684,0.07455273879683469,0.2245465415128031
1760957741.0350113,-0.014729630974299563,0.9862622325621879,0.03352884793452144,-0.5076209369833273,-0.023341334542736902,0.2625155747229832
1760957741.045036,-0.014636296487236144,0.9859675441334728,0.033936546095194836,-0.48639261584399657,-0.12524156118396265,0.2940146034742696
1760957741.0550528,-0.01462582243837074,0.9858743265931237,0.03431678928178246,-0.4645735146553037,-0.22987845955413014,0.3157626686123768
1760957741.0650668,-0.014624758831670527,0.9859332245452631,0.03466668389732707,-0.4443321572434315,-0.33578118071893326,0.325588801811746
1760957741.0753005,-0.014544852457609394,0.9860761063335364,0.034988595330726714,-0.4276861973077655,-0.44114775011176127,0.322765090955719
1760957741.0851285,-0.014300827451441464,0.9862332570418358,0.035288816823659315,-0.41626709522599675,-0.5436728533615784,0.308101516483806
1760957741.0952299,-0.013828377443190931,0.986348284638918,0.035575424893228264,-0.4111301493486074,-0.6403862477466614,0.28379162821714987
1760957741.1053274,-0.013098415576227438,0.9863870279326774,0.03585549766463012,-0.41262625806133163,-0.7275669392667626,0.25304442936050264
1760957741.1153104,-0.012124891002030591,0.9863391234225551,0.036132138693857216,-0.4203463437766622,-0.8007963937641678,0.2195761908700411
1760957741.1252317,-0.01096545423500154,0.9862136987557028,0.03640206465581494,-0.4331429395010335,-0.8551974824468367,0.18705882293804552
1760957741.135441,-0.009715584044303742,0.9860321356602896,0.036654578135724,-0.44922776106263784,-0.8858745505446306,0.15862394874124178
1760957741.1452236,-0.008497070227491561,0.985820477760213,0.03687237551860163,-0.4663400862005151,-0.8885262971701346,0.13650265474604856
1760957741.1551132,-0.0074418872696791665,0.985602941754166,0.03703402802629392,-0.4819762814687998,-0.8601551059428261,0.12184523755898119
1760957741.1651185,-0.0066733889002515145,0.98539742661545,0.03711751092897384,-0.49366269247618993,-0.7997563147729905,0.11472476295524087
1760957741.175089,-0.006287906749117259,0.9852138249314515,0.03710403559657167,-0.4992424730048067,-0.7088505922183634,0.1142948455722091
1760957741.1853893,-0.006340012797740795,0.9850552413223665,0.03698158101175319,-0.49713691323241865,-0.5917303234812883,0.11905187727828843
1760957741.1952267,-0.006833745695414172,0.9849208370294109,0.036747753274826093,-0.4865401439617937,-0.4553292437901153,0.127144815232194
1760957741.2051597,-0.007720918974244281,0.9848082601026928,0.03641176624248156,-0.46751542107897576,-0.3086885199962603,0.136678318276857
1760957741.215418,-0.008906695609808972,0.9847143200309982,0.03599534849056056,-0.44097840629542895,-0.16206873811581576,0.1459641741605532
1760957741.2252383,-0.01026172935340392,0.9846340922777793,0.035532298008704805,-0.4085723665293383,-0.025827355660226776,0.1536894587248163
1760957741.235158,-0.011639311786268732,0.984559854492033,0.03506637241946643,-0.37245750846681097,0.09077131128136245,0.1589860015897809
1760957741.2453105,-0.012895230358833555,0.984481432043803,0.03464732460611334,-0.33504890430899686,0.18063049131325432,0.16140249064102472
1760957741.2551486,-0.013907285728073367,0.9843885633902159,0.03432521951940434,-0.29874301347171445,0.23961270130536944,0.16079624312808222
1760957741.2652953,-0.014590766510719753,0.9842744449052111,0.034143691262109255,-0.2656713048147106,0.2669243897424265,0.15717513562354826
1760957741.2753363,-0.01490650256009697,0.9841387596883855,0.03413335651846064,-0.2375116444347734,0.2650309537072546,0.1505299266822437
1760957741.2852356,-0.01486005707594505,0.9839888425767405,0.034306878022004036,-0.21537540287420887,0.23911378472075595,0.14070077512416046
1760957741.2951922,-0.014493449440796226,0.9838388500749848,0.03465692731388258,-0.199773237280005,0.19615845174198568,0.12731590910720045
1760957741.3051744,-0.013872945002474279,0.9837079286043875,0.03515753621765913,-0.19064881431687192,0.14383123806691325,0.10982340167053392
1760957741.315221,-0.013076886862373406,0.9836185251696633,0.0357683201877564,-0.18746053210799266,0.08934543496659604,0.08761235761581243
1760957741.3254213,-0.012186334192029087,0.9835950637180663,0.03644025301033422,-0.18928810203823235,0.03852506706392814,0.06019604730916105
1760957741.3351152,-0.011279165286922799,0.9836620926517646,0.037121505922258574,-0.19494338538520178,-0.004766185217812083,0.02741463902913217
1760957741.3451157,-0.010426379679881009,0.983840823673432,0.03776241411131446,-0.20307097295990623,-0.03874389102053884,-0.010388033716563638
1760957741.355104,-0.00968856737898157,0.9841439659670994,0.038319428637491,-0.21223059078281709,-0.0633843028271322,-0.052252814438356845
1760957741.3653252,-0.009111204165142302,0.9845699876507215,0.03875830783337604,-0.2209596256534071,-0.079779930629131,-0.09658555264374451
1760957741.3750947,-0.008719081803311162,0.9850984586246176,0.03905661697415666,-0.2278218229669194,-0.08935073000121303,-0.14124136612174387
1760957741.385145,-0.008511865548485625,0.9856879813318103,0.03920519814212456,-0.2314576507406279,-0.09311964917662018,-0.18370892889720186
1760957741.3951566,-0.008463509630011823,0.9862778934484172,0.03920806521124179,-0.23065768126586392,-0.09123932114846733,-0.2213748717162832
1760957741.405181,-0.008527442705452658,0.9867944256976529,0.03908033438311375,-0.2244753713077003,-0.0828897633252872,-0.25183339494968493
1760957741.4152565,-0.008647285043368832,0.9871610324801969,0.038844299917102705,-0.2123775328410953,-0.06656965884081995,-0.2731947602016198
1760957741.4251096,-0.008770465191346716,0.987311359424122,0.03852445346934536,-0.19440544874062626,-0.04069890185263512,-0.28434191567174183
1760957741.4352612,-0.008860792750835442,0.9872023241402604,0.03814275127363329,-0.1712983809547635,-0.004364744222491609,-0.28508990639016424
1760957741.44516,-0.008906434421515097,0.9868244184095599,0.037715406848120935,-0.144525321728864,0.041998208681396976,-0.27621812672180945
1760957741.4552956,-0.008921300043239261,0.9862066561567914,0.03725197301628077,-0.11618546482944633,0.09619132325537838,-0.2593678590758753
1760957741.465194,-0.008939662548267963,0.9854146147639534,0.03675676431491006,-0.08876922157233771,0.15423252881200392,-0.23682202669995892
1760957741.4751287,-0.009005545537214853,0.9845416134646127,0.03623195626287123,-0.0648091125083561,0.21077110615468234,-0.21120569615151846
1760957741.4850552,-0.009159792174910045,0.9836946527404687,0.0356811509949764,-0.04648187146547077,0.25986780596255543,-0.18516011893022877
1760957741.4951189,-0.009428180311598802,0.9829776836850334,0.03511206717035103,-0.03524095893326665,0.2959831570766604,-0.16104648542219252
1760957741.505112,-0.009813302068706951,0.9824751699650387,0.03453742914715568,-0.03155795730442768,0.3149663389086367,-0.14072679288115986
1760957741.5151224,-0.0102918627467167,0.9822390801732862,0.03397392230793371,-0.03483169806005843,0.3148348701336819,-0.12545007029267152
1760957741.5252314,-0.010818033475604675,0.9822820504629503,0.0334398344097037,-0.04348904838635186,0.29618127702135716,-0.11584713653607961
1760957741.5354447,-0.011332290453867529,0.982577985854841,0.03295234217699516,-0.055258849706371446,0.26212482934322284,-0.112012577958959
1760957741.5452027,-0.011773791954331139,0.9830692982194047,0.03252523993713053,-0.06756209939328867,0.21782361543677506,-0.11363574010110124
1760957741.5554686,-0.012093352559952324,0.9836784111837608,0.032167432475391645,-0.0779386726400105,0.16965170730513124,-0.12013793779324787
1760957741.5651298,-0.012263953130482253,0.9843207030668694,0.031882049466312234,-0.08442931772130081,0.12420830345984982,-0.13078101232630424
1760957741.5752037,-0.01228646094118468,0.9849165209490659,0.03166592732820871,-0.08584805292367333,0.08734848474570646,-0.14472903054663472
1760957741.5852885,-0.012189448407367723,0.9854007005650852,0.031509564120179315,-0.08190565306004768,0.06340768058888623,-0.16106447153283374
1760957741.5951247,-0.012023266323760657,0.985728679062271,0.0313980779878398,-0.0731721884131354,0.05474301756798063,-0.17877651717765192
1760957741.6051214,-0.011849617087989973,0.9858787072822878,0.031313544286246026,-0.06089317797483595,0.06164653048030276,-0.19674739630841326
1760957741.6153095,-0.011728667825441038,0.9858500455445245,0.031238306188166858,-0.04669937459642838,0.08260938539767725,-0.21376168545528831
1760957741.6252723,-0.011706201680128404,0.9856575455721438,0.031158203694123945,-0.032270697328876524,0.1148463247157827,-0.22855510388476127
1760957741.6351235,-0.011803566299317716,0.9853238016789193,0.03106479197818742,-0.01902368205535551,0.154941622314151,-0.23990753737048237
1760957741.6451986,-0.01201318838101119,0.9848709681695672,0.03095631022878931,-0.007885284312793863,0.1994643725114969,-0.24677351844183018
1760957741.6551187,-0.012301615582694944,0.9843148365308962,0.03083772089389041,0.0008037835199175204,0.24542351583605948,-0.24843475185223995
1760957741.6651206,-0.012620056606755605,0.9836633461499446,0.03072018960271053,0.00724037775023597,0.29048223901549947,-0.2446538316410184
1760957741.6751728,-0.012919803308174136,0.9829204377823583,0.030620102653811116,0.01197969098773996,0.33291326576186403,-0.23580374049498307
1760957741.6851404,-0.013167867377029383,0.9820944350474548,0.03055747843158118,0.015670479310585603,0.3713384577756568,-0.22294194687027874
1760957741.6951528,-0.013357553384454922,0.9812083216803605,0.030553585097772874,0.018774318865458998,0.4043483458362371,-0.20779308538312155
1760957741.705205,-0.013509914620607789,0.9803079638352428,0.030627772920859747,0.021349443277916793,0.4301318876229476,-0.19260671379766583
1760957741.7151349,-0.01366491027541318,0.9794643484466425,0.030793966595042042,0.022970341024511846,0.44625695740754057,-0.17987272330570486
1760957741.725124,-0.013864797304798154,0.9787676286487149,0.031057713837736832,0.02282294282321981,0.44972051278275793,-0.17190880176187967
1760957741.7351122,-0.014135654221490598,0.9783135601946022,0.03141478179164599,0.01996577722394132,0.43732729028665,-0.17037879305215206
1760957741.7451463,-0.014474641419243017,0.9781856141315398,0.031851917389713505,0.013688411186859154,0.4063580049664081,-0.1758486385131387
1760957741.7553117,-0.014849198576214069,0.9784375498554256,0.03234971042057686,0.003846331228378541,0.35537256021271757,-0.18751887509913703
1760957741.765347,-0.015209080654785835,0.9790808285957673,0.03288670056655732,-0.00896479001273216,0.2849068931596412,-0.20325925032863648
1760957741.7751732,-0.015505214736287319,0.9800793146478306,0.0334432290813418,-0.02348438905298827,0.1978177488629896,-0.21998936413439188
1760957741.7853777,-0.01570595889548945,0.9813517260987417,0.034003561487177494,-0.038096514009810435,0.09912627118307724,-0.2343211862781658
1760957741.7951815,-0.0158041682930234,0.982781239277753,0.034555700326606396,-0.05125561442769191,-0.004631949001093823,-0.24327498624141441
1760957741.805122,-0.015814546944623458,0.9842309705573625,0.03508943799821356,-0.0618718902977927,-0.10639565352530096,-0.2448621423306016
1760957741.8152068,-0.015765329115491965,0.9855629754966543,0.03559375404342263,-0.06953587487227803,-0.19966532023412778,-0.23839735411566354
1760957741.8252957,-0.01568941326383248,0.9866573235431442,0.03605457332563382,-0.07453683010338916,-0.27944220973394407,-0.22450866995048419
1760957741.8351927,-0.01561839714776283,0.9874277047899686,0.03645368206357619,-0.07769906369766719,-0.34283361099289283,-0.20490204254466776
1760957741.8450885,-0.015580203078102588,0.9878310722439022,0.03676951478822782,-0.0801003784301557,-0.38924073869203446,-0.18197914543004437
1760957741.8551931,-0.01559878151005915,0.9878702360726589,0.03698027030059702,-0.0827462508661559,-0.42015269875106576,-0.1584041004344345
1760957741.8651898,-0.01569374870980323,0.9875894521779571,0.037069036391417474,-0.08626518355527768,-0.43865094571596064,-0.13668811672673556
1760957741.8752892,-0.015878695285508275,0.9870640056386277,0.03702959741115609,-0.09067938708458348,-0.44876685870353494,-0.11883560461970159
1760957741.88524,-0.01615832674905509,0.986385859824737,0.03687104592810531,-0.09529535177425189,-0.4548310954947116,-0.10608350750933954
1760957741.8951452,-0.016525561278387994,0.985648364328122,0.03661949658613774,-0.0987458330055281,-0.46091977376376997,-0.0987634902502199
1760957741.9051063,-0.01695995859933932,0.9849332235317669,0.03631594297855805,-0.09919141709856796,-0.470455018043079,-0.09631184998266851
1760957741.9153044,-0.017428577032157923,0.9843021390000563,0.036010379773195274,-0.09465548899871669,-0.4859703702290563,-0.09743477760503984
1760957741.925325,-0.017889607436281044,0.9837939985668922,0.03575343385726238,-0.08342922129372127,-0.5090165307691457,-0.10040607079742986
1760957741.9351237,-0.018298067683926934,0.9834268654427093,0.03558748923204056,-0.06445726476379776,-0.5401661530728459,-0.10343907622413077
1760957741.945184,-0.018612018347627053,0.983202996302711,0.03553935111957233,-0.03761310177296529,-0.5790768640219464,-0.10504921569821271
1760957741.955205,-0.01879772945641014,0.9831149081825329,0.035615909339592446,-0.003799370355653905,-0.6245829349906982,-0.10432243962757838
1760957741.9651463,-0.018832993347459533,0.9831508905242009,0.03580335786649292,0.035145590835856284,-0.6748012359234036,-0.10103296810996709
1760957741.975207,-0.01870874831214051,0.9832989691095754,0.036069736303540594,0.07670540811104681,-0.7272514323112724,-0.095599540486791
1760957741.9851804,-0.018429587822926145,0.983548916104473,0.03637013924430311,0.11804473124142549,-0.7789999115826677,-0.08891243431071151
1760957741.9951608,-0.018013317362089568,0.9838923419907986,0.03665377797010798,0.15639698933791793,-0.8268381272925001,-0.08208776466565992
1760957742.0052052,-0.017489082207012015,0.9843211934737777,0.03687187758282679,0.1894175389184114,-0.867498078695042,-0.07620826452702399
1760957742.015188,-0.016893618549590015,0.9848251933012641,0.03698511557476924,0.21545692989295007,-0.8978938296449512,-0.07209854232234797
1760957742.0252857,-0.0162660350689158,0.9853889335068745,0.03696924018182074,0.2337270509986147,-0.9153638438661114,-0.07016740886267303
1760957742.0351,-0.01564245162229436,0.9859894198182549,0.03681785741403751,0.244347907244206,-0.9178801043099082,-0.070335631422321
1760957742.045114,-0.015052062794861308,0.986594900764651,0.03654207056480468,0.24827570332716106,-0.90419168007282,-0.07205481106414131
1760957742.0552099,-0.014515708809026353,0.9871658536299536,0.036167467184359266,0.24712572294703375,-0.873884619660059,-0.07441068624355435
1760957742.0651832,-0.014047103982748436,0.9876587106826847,0.035729553114776644,0.24291669528155652,-0.8273619180539478,-0.07629194969448284
1760957742.0751536,-0.013655776144818098,0.9880319419579506,0.03526880618755764,0.23777454404631737,-0.7657670303046751,-0.07659532913396791
1760957742.0851324,-0.013350066966805966,0.9882529678093339,0.034826084072626114,0.23363839983925738,-0.6908839676728157,-0.07443145195317084
1760957742.095271,-0.013138799934161262,0.9883040288087037,0.03443862163709851,0.2320082933622513,-0.6050442452325562,-0.06929513133175469
1760957742.1053028,-0.013031187636635935,0.9881857102676883,0.034136671917111644,0.2337642834750409,-0.511058789584269,-0.06116834532100762
1760957742.1151636,-0.013035328777867962,0.9879175161705142,0.03394091692235504,0.239075298851933,-0.41217643465404147,-0.05053438765163259
1760957742.1252453,-0.01315583381609664,0.9875352798110208,0.03386084853435546,0.24740554955332125,-0.3120537418787265,-0.03829743223428495
1760957742.135131,-0.013391109061619907,0.9870856258766254,0.03389430885218179,0.2576174982020164,-0.2147053878790576,-0.025621393281942715
1760957742.145189,-0.013730993454763266,0.9866184098365887,0.03402834341169215,0.2681618125892363,-0.12439344557835319,-0.013720752849471479
1760957742.1553657,-0.014155602299280683,0.9861787055790291,0.034241458013053346,0.27733423385126377,-0.04541506072754995,-0.0036476526685172484
1760957742.1652482,-0.014636001076722943,0.9857999985702158,0.03450713334099846,0.28356622879230614,0.018231556251442214,0.0038800774941568465
1760957742.1751473,-0.015136668240497137,0.9854996938117879,0.03479796484118435,0.28570419483316944,0.06328502466772025,0.008575701151451643
1760957742.185255,-0.015619027189192678,0.9852772777995505,0.03508932428563308,0.28322722802377437,0.08770138094356755,0.010588272466605427
1760957742.1950915,-0.016045070245207765,0.9851149748981632,0.03536144566525876,0.27636053867427635,0.09108250611126746,0.01041812304976422
1760957742.2052288,-0.016380313646008095,0.9849806651071166,0.03559951070731751,0.26605996362263695,0.07494586052586266,0.008764774753167242
1760957742.2151206,-0.016595832448299215,0.9848329927160229,0.035792312497169104,0.2538676677937801,0.04274545585969539,0.00634407229882764
1760957742.2253873,-0.016669715013625297,0.9846286040619329,0.0359307522886405,0.24166346031945715,-0.00040336344687776326,0.0037194836750575103
1760957742.235316,-0.016588599779809685,0.9843309073005637,0.03600730178284457,0.23135525362965104,-0.04828365378980677,0.0011895859008298076
1760957742.24534,-0.016349692790241403,0.9839187460479168,0.03601676765697762,0.22456371067573605,-0.09434777372077527,-0.0012417720941073085
1760957742.2554572,-0.015962969708876628,0.9833927017478129,0.03595784464278319,0.22235835529111228,-0.13257650461414824,-0.0038100023831786414
1760957742.2651489,-0.01545269877688071,0.9827770983670511,0.03583455808307424,0.225093751920574,-0.15827867531453657,-0.006869757119528987
1760957742.2751656,-0.014857362976702086,0.9821170835736028,0.03565679982112958,0.23237546767237935,-0.16869048229482236,-0.01074597176785331
1760957742.2853284,-0.01422744991587681,0.9814716618093924,0.0354394940610674,0.24316012124533556,-0.16327029694732303,-0.015595286840754593
1760957742.2951188,-0.013621107803085302,0.9809044879195787,0.03520033427706978,0.25596688338509727,-0.1436420788850845,-0.021311985422150556
1760957742.3051383,-0.013098046589612604,0.9804743031140138,0.03495648088355574,0.2691550441431446,-0.11320627897586638,-0.027501695628064655
1760957742.3151479,-0.012712247552946051,0.9802264448889587,0.0347210458582117,0.28121032374811034,-0.07649797742539637,-0.033530895444272825
1760957742.325267,-0.012504246740128816,0.9801864584928367,0.034500456844020345,0.29098578852932755,-0.038415808301297955,-0.03864211782850355
1760957742.335243,-0.012494132781099477,0.9803566399897632,0.03429365636414269,0.29785929886366086,-0.003463547256149936,-0.042107909549593966
1760957742.3451903,-0.012676788727331465,0.9807160501192647,0.03409344842064932,0.30179055644155883,0.02486413812741315,-0.04338683209887576
1760957742.3553627,-0.013020981931649174,0.9812240214470875,0.033889436388974896,0.30327928328698384,0.04445674548284286,-0.04224523864482434
1760957742.3654044,-0.013473387349251215,0.9818266720962742,0.033671417975953764,0.3032384851743067,0.05468301822166747,-0.03881793002313973
1760957742.3755474,-0.013967420166919514,0.9824654969939082,0.033432094794465794,0.3028044660760472,0.05622467282708302,-0.03359557183604
1760957742.3854885,-0.014435163037622982,0.9830865698668263,0.0331683986367675,0.3031115277067053,0.050717546833180555,-0.02734386411447601
1760957742.3951664,-0.014819471126090916,0.9836484759096915,0.0328813692488917,0.3050654719565432,0.04029752284890521,-0.020976095212017227
1760957742.4053197,-0.015083252976432907,0.9841272938853278,0.03257511163458917,0.3091539067762092,0.027150654169898803,-0.015412502402193698
1760957742.415244,-0.015213982445777437,0.9845177239030601,0.0322556605460443,0.3153288210396554,0.013147688374664153,-0.01146139250287745
1760957742.4254293,-0.015222990811129022,0.9848302852438628,0.0319303510784635,0.3229851362819409,-0.00038629659169737404,-0.009745915628756176
1760957742.43542,-0.015140316673945274,0.985085194357991,0.03160763362842031,0.3310395668361068,-0.012747372405357258,-0.010680993579608864
1760957742.4455903,-0.015006703166647777,0.985304314187121,0.031296702884173216,0.3380939366503983,-0.023782317718949442,-0.014486415430663204
1760957742.455303,-0.01486475982524073,0.9855033144070954,0.031006346992151004,0.34265383624678053,-0.03370596872747824,-0.021212587054624518
1760957742.46519,-0.014751164158241166,0.9856862739670637,0.03074307017160454,0.3433692612926159,-0.042858563201563796,-0.030756752051624515
1760957742.4752986,-0.014691075367186328,0.9858441503864743,0.03050930270900241,0.3392641937961026,-0.0514646196033679,-0.04285637713442623
1760957742.4853427,-0.014695158356187284,0.9859573420060985,0.030302797524238125,0.3299223192509661,-0.05945179864699162,-0.05705891534638307
1760957742.495384,-0.01475917000731948,0.9860015567650187,0.030117862408135892,0.3155971946596468,-0.06637081954516666,-0.07268072216701955
1760957742.5052054,-0.014865889191620185,0.9859554961149851,0.029948151628032924,0.29722204947662995,-0.07142884436823436,-0.08877930622648608
1760957742.5153313,-0.014989100797516359,0.9858083763939448,0.029789925221720095,0.2763093807660957,-0.07361731103051546,-0.10416755521453304
1760957742.5252657,-0.015099240090362235,0.9855651515657267,0.029644435499974007,0.2547507253031645,-0.07189153099269559,-0.11749183462469288
1760957742.535191,-0.015170024826670942,0.9852477820313704,0.029518492500181327,0.23454734119322518,-0.06535099335757252,-0.12737750484209429
1760957742.5454047,-0.015184986413128173,0.9848920581124133,0.029423040639184963,0.2175183231503275,-0.05337727678619884,-0.1326208246801575
1760957742.5552988,-0.015142526807119952,0.9845407819577014,0.029370308113619324,0.20503898927032524,-0.03570592805560771,-0.13238522125615104
1760957742.5651536,-0.015058193269992148,0.9842349244014528,0.029370412322369147,0.19785528336281624,-0.012432771504414967,-0.12635194419687626
1760957742.575243,-0.014963310849819502,0.9840047048243928,0.02942824087468684,0.19600111154610753,0.01602243570107337,-0.11478410109739987
1760957742.5852044,-0.014899864676373489,0.9838626516138956,0.029541259815256137,0.19882284728548444,0.0489578708052693,-0.09848561974178574
1760957742.5951478,-0.014912441073126888,0.9838004433782124,0.029698760963489192,0.20509683199400255,0.08540058835592987,-0.07866452665575506
1760957742.6053438,-0.015038910407913813,0.9837904570155098,0.029882837305849425,0.21321495189058468,0.12406804396935411,-0.05673423193575366
1760957742.6151886,-0.015302032877016076,0.9837917259770107,0.03007096932317976,0.2214091501326983,0.16329123697586256,-0.03410101564141162
1760957742.6252072,-0.015703936913404177,0.9837589961111122,0.030239629017471924,0.22798485745310404,0.20093970800645677,-0.01198731596260624
1760957742.6351793,-0.01622448644589692,0.9836529623250951,0.0303680243490219,0.23153308657206276,0.23440446238349447,0.008672273074795005
1760957742.645233,-0.01682345950394345,0.9834494519721874,0.030441143486475027,0.23109154123117287,0.26068866950783687,0.027249586590206126
1760957742.6554103,-0.017445759285805756,0.9831453649602105,0.03045147390075628,0.22623004816976025,0.2766287038813217,0.04337100416923083
1760957742.6654472,-0.018028645289597824,0.9827599190672288,0.0303990262588046,0.21704826563082413,0.2792316058787988,0.05683007423607344
1760957742.6752067,-0.018509902274072836,0.9823311322763043,0.03028967576631889,0.2040927580097844,0.26608446480653236,0.06750473322348063
1760957742.6851902,-0.018835715756531566,0.9819087366141513,0.03013239661457659,0.1882200939147441,0.235774217186042,0.07531001390896135
1760957742.6951194,-0.018966903717286036,0.9815451638485275,0.02993643305685656,0.17044503221894916,0.18825096303702488,0.08019961086160776
1760957742.7051535,-0.01888241401976109,0.9812861220345593,0.02970947322772368,0.15181226978251924,0.12506966309185366,0.08221033917847702
1760957742.715381,-0.018579789196385286,0.9811622884989984,0.029457461606418798,0.1333153432446184,0.049452794910433986,0.08152750415154418
1760957742.7252762,-0.018073230276791155,0.9811837976625333,0.029186056278857536,0.11586267504645148,-0.033867969202651345,0.07854020628715119
1760957742.7353895,-0.017390297495504196,0.9813388747850289,0.028903113182916804,0.10026949808184579,-0.11904700302311602,0.07385594993119622
1760957742.7452345,-0.016567998302729585,0.9815968831867912,0.028621144436029474,0.08724579783909452,-0.19973449665982154,0.06825439048858487
1760957742.7552195,-0.015648523490863528,0.9819147137112644,0.028358675191811667,0.07735749889981125,-0.2698303455316455,0.06257895967299053
1760957742.765244,-0.014674739031183727,0.9822446204070157,0.028139836389051952,0.07095557138680499,-0.3242651686983024,0.057586814525601965
1760957742.775492,-0.013685905553183423,0.9825416674047452,0.027992094824095384,0.06808673214047437,-0.3596647641198537,0.0537937683910915
1760957742.7851582,-0.012714728759826972,0.9827696155945302,0.0279424286802493,0.06841310186625836,-0.37476346833691493,0.051355508753128117
1760957742.7952654,-0.011787006582535028,0.9829047421703422,0.02801244193397121,0.07117307774585391,-0.37047881409115385,0.05001907880383754
1760957742.8052762,-0.010924208458702307,0.9829374829698102,0.02821302876427774,0.07521056164150693,-0.34963041327451966,0.04916294543469881
1760957742.8156276,-0.010147750700405312,0.982872109493449,0.02853943003451498,0.07908553496315669,-0.31635893119863484,0.0479242234111338
1760957742.8253665,-0.009482730890796461,0.9827249963599833,0.0289679044643655,0.08125963433216653,-0.27535858549640085,0.04539130802857898
1760957742.8352494,-0.008959062506691602,0.982522137564083,0.029455551314970164,0.08033118978593563,-0.23106919662324746,0.04082279616153106
1760957742.8450923,-0.008609014068382027,0.9822962845835799,0.02994459016384385,0.0752796178146937,-0.18697859726575555,0.033843405138493494
1760957742.8553357,-0.00846167206618387,0.9820837376970732,0.030371220280217635,0.06567203356774795,-0.14516341277168457,0.024569194388427678
1760957742.865177,-0.008536324570624317,0.9819208398414738,0.030677339779550082,0.0517871240986297,-0.10614869725476625,0.01362991018244578
1760957742.8753085,-0.008837388742484076,0.9818405954687515,0.030821956201910698,0.034623092659841447,-0.06910265578049395,0.0020822558404610886
1760957742.8852456,-0.00935278197318828,0.9818701783594372,0.03078898832285685,0.015776955118545374,-0.032314555668182296,-0.00876429503388758
1760957742.8953428,-0.010056025946559133,0.9820299124456803,0.030589323145129296,-0.002791106793081077,0.006154242514855182,-0.017567293455214232
1760957742.9050832,-0.01091085481853989,0.9823334239230829,0.030256727696168557,-0.019068302076506134,0.047792152004099336,-0.023167993158342327
1760957742.91536,-0.011876408655553186,0.9827876804367698,0.02983891002359448,-0.031316800298437523,0.09308231049452824,-0.024763100931306757
1760957742.92526,-0.01291139368093606,0.9833915700529333,0.029386411464257804,-0.03835683732247733,0.1411898339655804,-0.02200636722013155
1760957742.9352317,-0.013976474648805078,0.9841327767681903,0.02894271383427423,-0.03975412514115723,0.1899512657501864,-0.015034205459939814
1760957742.9454892,-0.01503503597871696,0.9849842024956194,0.028538418496179357,-0.03587945833908456,0.23615439020584028,-0.004424731710151283
1760957742.955147,-0.016052995912060865,0.9859021109929544,0.028190618118909244,-0.02783112342992847,0.2760319946314347,0.00889345162338779
1760957742.965158,-0.016998520994689566,0.986827978658449,0.027906538047685368,-0.017233265371286114,0.3058524974412151,0.02376663719980875
1760957742.9752426,-0.017842241799743162,0.9876947240269268,0.02768918729062307,-0.0059434470072156804,0.32248226584902034,0.03896215420593132
1760957742.9852333,-0.018558066626539166,0.9884361816689057,0.027542459379406095,0.004280938552505164,0.32381649115282524,0.05332259213815107
1760957742.9952586,-0.019124301268072998,0.9889973580331836,0.027473661423983595,0.012096413561471375,0.3090167357823841,0.06591267844954221
1760957743.0052812,-0.019524738074948027,0.989342753960246,0.027492566038240133,0.016803785917717418,0.2785406427689583,0.07613889699348796
1760957743.0154028,-0.01974952799156496,0.989460739012712,0.027607451841220515,0.018442997381232458,0.23399188097846074,0.08381987305306217
1760957743.0254319,-0.019795706250083468,0.9893631114260243,0.027819743460552864,0.017727732804595768,0.17784835236390723,0.08919028654097243
1760957743.0352535,-0.019667146552924397,0.9890801582999695,0.028119368186216517,0.015833621394297965,0.11313938286357217,0.09283381900444616
1760957743.0451972,-0.019373706732497137,0.9886525625659476,0.028482671567690947,0.014091934047858091,0.043136572255616824,0.09555758363323578
1760957743.0552425,-0.018929594198439804,0.9881222568166774,0.02887380600818293,0.01366500934267407,-0.028899568633382326,0.0982350124539112
1760957743.0653741,-0.01835136546355052,0.9875245552121751,0.029249313057875544,0.015282139658159692,-0.09990622709809148,0.10165111102694453
1760957743.0753999,-0.017656222637312518,0.9868834671692513,0.02956470934125541,0.01909622198177103,-0.16715391639574265,0.10638157006771887
1760957743.0851743,-0.016861368342828028,0.9862112269684797,0.029781596417566246,0.024689668135507443,-0.22835724665371282,0.11272635000688973
1760957743.095425,-0.015985072285793503,0.9855120620586101,0.029873996546884652,0.031221611796980554,-0.2817780092455205,0.12070205360959615
1760957743.1051533,-0.015049475833964827,0.9847891557220306,0.029832880281826183,0.03767452813187121,-0.3263177484300873,0.13008076488184311
1760957743.1151834,-0.014084075369079662,0.9840527226099599,0.029668043456847912,0.043133627829729765,-0.3615790835782333,0.14045176458998201
1760957743.1252966,-0.01312804064597236,0.9833264654405679,0.02940677273865575,0.04702348046669316,-0.38786847354103604,0.15128040345457247
1760957743.1353242,-0.012229728938912502,0.9826498960318671,0.029089298703224263,0.04923761084157399,-0.40612009008786715,0.16194564013166074
1760957743.145329,-0.011442823903715744,0.9820752405589723,0.028761850937392842,0.05012696806198326,-0.4177380493065756,0.1717510558824263
1760957743.1556315,-0.010819697028724611,0.9816594235560346,0.028468909220957902,0.050353953090041224,-0.42437594566209846,0.17991821828556082
1760957743.1653194,-0.010403207638467058,0.9814530750125651,0.028246526271883222,0.05065725807449942,-0.42769004122355625,0.18558114393246603
1760957743.175276,-0.010218280705401492,0.9814891300996075,0.02811811067854256,0.051596885765235447,-0.42910935742147016,0.18780380592952378
1760957743.1852608,-0.010264779535186279,0.9817735985187248,0.02809308771345893,0.05335186550876791,-0.4296615164326166,0.18563896671072067
1760957743.1953828,-0.01051362662853165,0.9822808367345763,0.028168007656546624,0.05562615183722581,-0.4298807188495586,0.17823641958648032
1760957743.2053874,-0.010908280255983612,0.9829550510126407,0.02832925864662916,0.05768712042524374,-0.4298072351058413,0.1649925806467756
1760957743.215223,-0.011372778583610112,0.9837184524675501,0.028556465121357257,0.05852474199788314,-0.42906889307728907,0.1457147138729838
1760957743.225285,-0.011825470134788659,0.9844846229354729,0.02882578622156659,0.05708753629012545,-0.4270179495636574,0.12075939474646201
1760957743.2352364,-0.012195137494891026,0.9851739693966927,0.02911264269231873,0.0525325583257077,-0.42288681358848607,0.09110381788055046
1760957743.2453845,-0.012434928606794486,0.9857274283243647,0.0293937830429442,0.04442605234122436,-0.41592750498889164,0.058322473620772336
1760957743.255139,-0.012530200609459296,0.9861151399871597,0.029648847403224394,0.03284794454617029,-0.4055119784561523,0.024465484908776338
1760957743.2651963,-0.012498588424011055,0.9863383067318102,0.029861613667837947,0.018380826098889056,-0.3911882667360885,-0.008141005192161904
1760957743.2751544,-0.012383042949476567,0.9864241872019903,0.0300210386263402,0.001994783572306956,-0.3727037013608657,-0.037136310788026226
1760957743.285234,-0.012240272287792573,0.9864157289764585,0.030122194837883896,-0.015134322270075192,-0.35001529375012924,-0.06036882551077745
1760957743.2952802,-0.012127760249799946,0.9863586186816498,0.030167187422596237,-0.03182138787135326,-0.3233056463618162,-0.07610868314197737
1760957743.3051434,-0.012092438348863758,0.986289230403143,0.03016591034400848,-0.04703451548342775,-0.2930113772065841,-0.08320881051017727
1760957743.3151934,-0.012163187447370582,0.9862265658176091,0.030136118612370585,-0.05999282979431018,-0.25985508562808207,-0.08120726631943076
1760957743.3251793,-0.012347862002121273,0.9861698121908126,0.03010211238041681,-0.07019532384576209,-0.22485956838861113,-0.07037372032647586
1760957743.3353405,-0.012634152661684921,0.9861013187116114,0.030091622118477344,-0.07740021768637102,-0.1893219835857972,-0.05170591881953071
1760957743.3452406,-0.012993050275994462,0.9859934342112396,0.03013115796265034,-0.08158663470930443,-0.1547375197767523,-0.02687797266747437
1760957743.3551326,-0.013383943339519816,0.9858171410222928,0.030240775205338296,-0.08292681827716412,-0.1226797476760185,0.0018647001107641743
1760957743.3653224,-0.01376080138079974,0.9855505721888086,0.030429539889242387,-0.08178059498194293,-0.09465756444261474,0.03187248878651696
1760957743.375538,-0.014078972364928673,0.9851858920912917,0.030692836630467714,-0.0787037731991764,-0.07197090807829075,0.060323965436183916
1760957743.3853045,-0.014301906560709496,0.9847334546298833,0.031012183856714004,-0.07444906213327848,-0.05558181285566172,0.08451133374224756
