timestamp,angle,linear_acceleration_x,linear_acceleration_y,linear_acceleration_z,angular_velocity_x,angular_velocity_y,angular_velocity_z
1760681154.118665,-19.558266991721723,-0.31126734245954246,0.8867485829298757,-0.28534646809614267,14.158007338124406,14.188274534695648,45.25323783660264
1760681154.1286879,-19.142514619237264,-0.3117137770423184,0.8698026480228198,-0.29169771323823274,12.521662840646847,12.72466170603653,45.27597056341611
1760681154.1389005,-18.73737486037984,-0.308778169091818,0.8573747227737423,-0.29613788390980006,10.981187074548982,11.349813890687084,44.6067161116285
1760681154.148736,-18.343360372137763,-0.3026569492295789,0.850157541189596,-0.2986547445201355,9.641256744716534,10.061195759087871,43.29755219436528
1760681154.1587787,-17.959725722018195,-0.29344340181496803,0.8484491187557643,-0.2993691448367136,8.582228737634289,8.817248790286799,41.44493185497735
1760681154.168768,-17.584007927686116,-0.2810614049401154,0.8521583177656102,-0.29848803974430693,7.852969002794977,7.552071680028782,39.185039471090214
1760681154.1784844,-17.211802443540893,-0.26529326610363635,0.8608402135173783,-0.29624895844916027,7.467537906402797,6.195878409430593,36.68520601921088
1760681154.1886353,-16.83688289062928,-0.24589959616154036,0.8737524270826158,-0.29287649891270096,7.405794325571846,4.6971740141891845,34.131415555562796
1760681154.1984544,-16.45170836266933,-0.222798721492087,0.8899246732497139,-0.2885636845585571,7.617417643282692,3.0422151031916447,31.712822795298752
1760681154.2084565,-16.048274823109203,-0.1962517795887291,0.9082361743318182,-0.28347923309368467,8.028420239729861,1.2678155737557024,29.6050061859702
1760681154.218635,-15.619181791653377,-0.16699600409323953,0.9274968597925783,-0.2777918372999494,8.549049155949968,-0.5351500897377225,27.95412693472431
1760681154.2288005,-15.15872943766725,-0.13628347608825211,0.9465270330368666,-0.27169823782181013,9.082074672568014,-2.228356483916292,26.864096503465777
1760681154.2384155,-14.663852741731024,-0.10581009157390206,0.9642282031387579,-0.2654431590831177,9.530745670156092,-3.6415901830131445,26.388313263643017
1760681154.2488081,-14.13473956421957,-0.07754975729282593,0.979637940480062,-0.2593236677206539,9.806011673021452,-4.594484449808761,26.52670642027239
1760681154.2583585,-13.575051550679813,-0.053530961877162324,0.9919648584780953,-0.2536757263793812,9.832842025728851,-4.920748896495266,27.227956966824767
1760681154.268635,-12.991746674437348,-0.03560115814153817,1.0006050103241613,-0.24884545887460338,9.555551419546939,-4.491152637503496,28.396055855592415
1760681154.2789383,-12.394570280335866,-0.025220622899113136,1.005146129442794,-0.24515163010420857,8.941980820793276,-3.232118283441758,29.899944398782278
1760681154.2887805,-11.795324951137978,-0.023315577094163275,1.0053687541244787,-0.24284843217179775,7.986253262960054,-1.1377629534147888,31.58489951623518
1760681154.29857,-11.207038994863646,-0.030202570336684463,1.0012513615431171,-0.2420975770253603,6.709720156398046,1.7256814274985721,33.28452450271664
1760681154.308635,-10.643127387414966,-0.04557698724307782,0.9929806779843657,-0.24295547909897766,5.159723694859738,5.223116478545428,34.83256578293975
1760681154.3183305,-10.116592934205537,-0.06854714673629772,0.980961755691121,-0.24537647099342885,3.4059708658374053,9.160715083665304,36.07412905871919
1760681154.328915,-9.639275732247066,-0.09769736020811214,0.9658191435339001,-0.2492287354878969,1.534624131526898,13.301581744900233,36.8760494937219
1760681154.33848,-9.221143533597374,-0.13117289333505303,0.9483817482882587,-0.2543168967993709,-0.3594147706993914,17.385211919659767,37.136115660448745
1760681154.3487418,-8.86962265877322,-0.16678627268584958,0.9296477220227295,-0.2604037016003619,-2.181216992861374,21.148859266272492,36.79063752284272
1760681154.3584442,-8.588986471232975,-0.20214344076649007,0.9107292965890802,-0.2672231451212853,-3.8445145236264753,24.348920540774483,35.8196550676161
1760681154.3687022,-8.379838052082876,-0.23478472835954173,0.8927801747561634,-0.2744801802150819,-5.279311178742419,26.780624398040988,34.24905703909475
1760681154.3785908,-8.238745221918654,-0.2623358124297744,0.8769104170409132,-0.28183867506118665,-6.437503617726012,28.29462767791466,32.14907326244787
1760681154.3888254,-8.15810805916799,-0.2826674331751625,0.8640960568499394,-0.28890754097656324,-7.295871940599896,28.80947465604809,29.628983122022866
1760681154.3986325,-8.12635190587718,-0.29406374611310493,0.8550929558304936,-0.29524002288075446,-7.856171807071161,28.319160152055193,26.828368444117846
1760681154.4083905,-8.128528427147584,-0.2953939858214568,0.8503665904202229,-0.3003585631257193,-8.142504319497993,26.895236493052966,23.90572918240111
1760681154.4185371,-8.147364048261103,-0.2862721785596588,0.8500508127260452,-0.30380754403388305,-8.196591596497699,24.68307806790804,21.02565742550925
1760681154.4285176,-8.164719017648562,-0.26717876211923497,0.8539473991573077,-0.3052238788609609,-8.071926168221486,21.892160181652255,18.345934971995483
1760681154.4384325,-8.163322761514786,-0.2395103950136203,0.8615725507769793,-0.30440718497397745,-7.827866368859628,18.780601053515937,16.005839663878064
1760681154.4489079,-8.128556398566388,-0.20552544552220928,0.8722466634046755,-0.3013700433376314,-7.524572187889672,15.634785646268293,14.116632374111116
1760681154.4586744,-8.049995497661795,-0.1681672836144149,0.885212771443401,-0.29635349385149995,-7.219290829707451,12.74557443640228,12.754735740305073
1760681154.4687953,-7.922436608702091,-0.13077437527373573,0.8997611987153762,-0.28980071582577305,-6.964058520614769,10.383223944611279,11.957641606108627
1760681154.478421,-7.746219691886713,-0.09671631784773153,0.9153359164116589,-0.28229066558276095,-6.804526890358276,8.773494288930994,11.72222119852095
1760681154.4885273,-7.526804567848969,-0.06901621324890769,0.9316025794501805,-0.2744420450410439,-6.779427623218682,8.077373733295412,12.004938650542703
1760681154.498931,-7.273719787493042,-0.050024165920932416,0.9484675347816657,-0.2668052751426687,-6.920171583497054,8.376439454034303,12.723508598645424
1760681154.5086694,-6.999128799764498,-0.041193108638141296,0.9660477444644432,-0.25976458342749037,-7.250213909034028,9.665208706042163,13.759759980507683
1760681154.518494,-6.716313502948273,-0.042980848682697796,0.9846000750608326,-0.2534717790762139,-7.784063109304569,11.85104388347344,14.963795720466141
1760681154.5287716,-6.438345028027445,-0.05487000101187281,1.004423275952175,-0.24782638346028574,-8.526107275832201,14.761389469603575,16.159871497338376
1760681154.5386338,-6.177112032977365,-0.07547209699208723,1.0257476038488607,-0.24250482224607667,-9.469680934780587,18.15747186834352,17.154633783919785
1760681154.5486662,-5.942747920551461,-0.10267315236621284,1.0486267992729426,-0.23702869412737484,-10.596896066988807,21.753196454315333,17.748326803190583
1760681154.558773,-5.743386118206831,-0.13378769120722933,1.0728468879775448,-0.23085383812816052,-11.87964258595547,25.23784963666655,17.749208761957984
1760681154.5688388,-5.585109944016176,-0.16571076153114792,1.097867144216823,-0.2234609980800528,-13.281851897791483,28.301230015534497,16.99071904118102
1760681154.5784774,-5.471960266385949,-0.19508076972564078,1.122808711366695,-0.21443434499890124,-14.762738522063525,30.65978851760259,15.350050544679767
1760681154.588827,-5.405906952718926,-0.21847702469213204,1.1465022958260005,-0.20352176091926463,-16.280448473221313,32.08213341973942,12.765942981852666
1760681154.5986698,-5.386754253405187,-0.23266905800421014,1.1675966385712657,-0.19067642058569748,-17.795441357790885,32.41190765219127,9.252967240428541
1760681154.6087673,-5.41201372377963,-0.23491566272250103,1.184716409914707,-0.17608124693169894,-19.27300682048592,31.585762013980133,4.909487023992787
1760681154.6187341,-5.476827344003616,-0.22329086459657768,1.1966459040531943,-0.16015665323893083,-20.68450772232871,29.644138197835442,-0.08306463218151405
1760681154.62883,-5.5740493845501655,-0.19699888623528417,1.202506986997147,-0.1435485486954237,-22.00720681429932,26.732962206672283,-5.470977030711497
1760681154.6386788,-5.69459165755824,-0.15663252787054832,1.2018976980775207,-0.12708993926948134,-23.222841243474548,23.095123652812045,-10.949087314269557
1760681154.648923,-5.82810058312967,-0.10432852084150743,1.1949616455261234,-0.11172888066441733,-24.315417389399755,19.051651032746395,-16.189959631583935
1760681154.6585915,-5.963970333185715,-0.04377726833751607,1.1823681769795527,-0.09841989939227296,-25.268937763012197,14.973582066291973,-20.878215107072364
1760681154.6685607,-6.092615742767354,0.019948699077679388,1.1652001676278658,-0.08798440446115562,-26.065856976337095,11.246493873364043,-24.745792322447414
1760681154.6783845,-6.206848830778324,0.0807710585528235,1.1447684982023467,-0.08095651371278667,-26.686924125029755,8.23047127652322,-27.603618853854943
1760681154.6887515,-6.303143712165772,0.1321866808130011,1.1223931477079503,-0.07744264274947724,-27.112692777766352,6.219058327786525,-29.365575646789072
1760681154.6986883,-6.38255501074659,0.1680145695924003,1.0992011918981388,-0.07703234435396117,-27.326452424271523,5.401508789964018,-30.061598566504664
1760681154.7086365,-6.451085556025939,0.18322262568023143,1.0759867014740125,-0.07879774561327028,-27.31783216364716,5.833244799566558,-29.83811076292302
1760681154.718471,-6.519378787127237,0.17470621962035773,1.0531593009913383,-0.08140475297416162,-27.086046254714926,7.419474081377622,-28.945498409520418
1760681154.7288568,-6.601725960418102,0.14187123477953856,1.0307854547414554,-0.08333253332278258,-26.641806288427517,9.916048148515682,-27.713775907966983
1760681154.738709,-6.7145046978646015,0.08689066612240341,1.0087070078705742,-0.08316609448164229,-26.00728410521006,12.949713681251563,-26.51873326965247
1760681154.7489066,-6.874275344967021,0.014557420990087023,0.9867071724077262,-0.0798999574632538,-25.21403102882005,16.05706037854003,-25.74169567578241
1760681154.7588365,-7.095827556102783,-0.06826739422480708,0.9646838059471973,-0.07317872012561863,-24.29927039917024,18.73820511773251,-25.726704875577013
1760681154.769141,-7.390473845636794,-0.1535336475519181,0.9427852620617139,-0.06340928672645683,-23.30132621158674,20.518373463904712,-26.73956444406796
1760681154.7786589,-7.7648310430791865,-0.23307217252539802,0.9214706991818663,-0.051708271307072604,-22.255036351008386,21.008809807120958,-28.93364311140105
1760681154.7887654,-8.220235105785665,-0.2996890662230022,0.9014761350026804,-0.039687286530454294,-21.187864400013098,19.958221455516075,-32.32729916433741
1760681154.798795,-8.752825406214574,-0.348117837391449,0.8836930098283003,-0.02911777110957474,-20.117231275851868,17.287145644385312,-36.797007553241684
1760681154.808545,-9.354230430381408,-0.37568418140175747,0.8689884247686063,-0.021547623502046066,-19.049450978169848,13.09992753467967,-42.08859256491219
1760681154.8184803,-10.012702328607023,-0.3825753057097131,0.8580107856206507,-0.017957038373313913,-17.980511586841498,7.672083769255875,-47.84641974039904
1760681154.8285086,-10.714497978263678,-0.3716617371198723,0.8510296396954209,-0.018534282957851474,-16.898671461502882,1.4143370563310869,-53.657320731668506
1760681154.838703,-11.445297486802081,-0.34789404545054436,0.8478520398931475,-0.022622998848104092,-15.788457349846293,-5.181845629270201,-59.10309578683022
1760681154.8486924,-12.191480666355716,-0.31737746231614006,0.8478388808227796,-0.028849045223171402,-14.63530957370082,-11.609194404358847,-63.81347334654772
1760681154.858784,-12.94113157917434,-0.2862940657941286,0.8500174612943788,-0.035391517425734514,-13.429952144218552,-17.40972583139514,-67.51101281814536
1760681154.869385,-13.684696366963037,-0.25987634452462927,0.8532607884655956,-0.04033371602985296,-12.1715959356243,-22.22893218784839,-70.040763987164
1760681154.8788602,-14.415272496910104,-0.24162631483002367,0.8564894489458181,-0.042021306735100405,-10.869271038671476,-25.849672616367563,-71.3802342378612
1760681154.8884125,-15.128555170671543,-0.23292139148710017,0.8588509960553068,-0.039362138965564154,-9.54089981373962,-28.200549828476387,-71.62878397080259
1760681154.899055,-15.822506943037737,-0.23306491538907137,0.8598410854427403,-0.032017842240457214,-8.210152634446136,-29.33926700227155,-70.97928830411044
1760681154.9087832,-16.496846414942723,-0.23974676728487226,0.859345522906512,-0.020457870476020407,-6.901632041242053,-29.41687924293262,-69.67807282486912
1760681154.9186609,-17.15246680566292,-0.24979793431582498,0.857600073462003,-0.005870816711300961,-5.635401264976518,-28.632406505108293,-67.98111249268699
1760681154.9285905,-17.790890855066053,-0.2600648929255641,0.8550823716471171,0.010047014796463201,-4.422152656401713,-27.18829397705345,-66.11477245050756
1760681154.9388878,-18.41384274511244,-0.2682045226311591,0.8523637863178631,0.025383750089297913,-3.2602607905620045,-25.255813218344542,-64.24780091584267
1760681154.9485729,-19.02297509652428,-0.2732187663648805,0.8499557368243092,0.03832847143089197,-2.135554587953827,-22.956275861215325,-62.47827464091572
1760681154.9585946,-19.61974264296962,-0.27561418677716454,0.848184276106203,0.047453092747480476,-1.0239850501585033,-20.359761790663303,-60.835674719446004
1760681154.9684932,-20.205379255916448,-0.27716933419041134,0.847119510079354,0.051910811528118675,0.10334944832694797,-17.49896562656256,-59.2952091823048
1760681154.9784355,-20.78092023473923,-0.28039120320248384,0.846572772176041,0.05152319030390877,1.2739405350249555,-14.392645168782982,-57.79951007354999
1760681154.9887524,-21.34721697922238,-0.2878118969697593,0.8461561448872185,0.04675314686255973,2.5077948901019242,-11.071576043442088,-56.28212227390103
1760681154.9984891,-21.90491112432631,-0.30130343873507814,0.8453821845719823,0.038583072330351034,3.812924925392982,-7.600020685288075,-54.68771072336285
1760681155.0089679,-22.454363020271437,-0.32157243082115017,0.8437741521836245,0.028330602472564314,5.183393645418848,-4.087305223365801,-52.98539350383366
1760681155.019155,-22.99555744803684,-0.34794615242051186,0.84096116319577,0.01743825396185187,6.600263557062015,-0.6867341030590289,-51.173646358975816
1760681155.0288181,-23.528029400908274,-0.3784905596406557,0.8367441885615312,0.007269334521354666,8.035079372511458,2.417841669317803,-49.27730379349857
1760681155.0385592,-24.050856074765917,-0.41042137912567833,0.8311305347312612,-0.001065236346232921,9.454917382226565,5.034659496524192,-47.33879191593343
1760681155.0488234,-24.562742193066974,-0.44069719753015346,0.8243407600096986,-0.006832368112205446,10.827721875096278,6.990808547637928,-45.406513263768716
1760681155.0586784,-25.0621879124623,-0.46663809194494754,0.8167917701276781,-0.00974304947029434,12.126675278033819,8.157378359984016,-43.52321235650452
1760681155.0687985,-25.5476870006152,-0.48641229649504614,0.8090561766892006,-0.009951779512205368,13.33267573123728,8.467903264950513,-41.716439054631465
1760681155.078586,-26.01787730498507,-0.4992790584665332,0.8017956896080354,-0.007987078385519078,14.434533492815229,7.926777065314103,-39.99229334683254
1760681155.0887353,-26.471568479866125,-0.5055522762541866,0.7956685470134682,-0.004620623169312371,15.427109423014475,6.606706732702212,-38.33282411012316
1760681155.0985167,-26.907604413831308,-0.5063298548386858,0.7912179255834181,-0.00069554991935838,16.308142044177206,4.636648645895361,-36.69693316542651
1760681155.1088073,-27.324569815957027,-0.503091031189898,0.7887578009201961,0.003053379712307468,17.074819227249673,2.183440195116236,-35.02437147387526
1760681155.1187568,-27.72040436891991,-0.49728234133427746,0.7882813833902825,0.006149684309060988,17.721193579709,-0.5688410700845792,-33.24225449163869
1760681155.128637,-28.092025443667644,-0.48999449071827267,0.7894208122201579,0.008462944915946555,18.23731365771158,-3.437950854617874,-31.27333963863241
1760681155.138718,-28.435071159889606,-0.481792874099875,0.7914817183223039,0.010218724716922027,18.61048209173604,-6.258148371282054,-29.04509407919021
1760681155.148574,-28.743859629344975,-0.47272079085846963,0.7935620237773872,0.011935374047392396,18.828456583401046,-8.889064096396428,-26.498438273259854
1760681155.1582837,-29.011623469535206,-0.46245588832550355,0.7947444520877056,0.01430822834276285,18.883838382570183,-11.218813275988778,-23.595100873849514
1760681155.168639,-29.231028277324956,-0.4505698959598325,0.794332466195908,0.018067607006304033,18.77850172406293,-13.162530471007358,-20.322808187339135
1760681155.178568,-29.39492806349775,-0.4368215598372054,0.7920848097108069,0.023834252272126818,18.52680576634755,-14.65814669520624,-16.697974251497683
1760681155.1887789,-29.49725975245601,-0.4214065508299277,0.788397885958206,0.03198936369921408,18.15652088928879,-15.661401577008805,-12.765981054239305
1760681155.198642,-29.53394126133218,-0.40509725241940103,0.7843897303004383,0.04257072321065258,17.706850783684207,-16.14184977407089,-8.599381569539778
1760681155.2085562,-29.503618252772505,-0.3892268722263428,0.7818535262388306,0.055203839776204626,17.223557092399016,-16.081044874708113,-4.294351483382784
1760681155.2187457,-29.40810841369342,-0.3755033953387009,0.7830689550337084,0.06907733318371562,16.751885266456885,-15.473252283300598,0.034508535722763925
1760681155.228877,-29.25242582988225,-0.36567757925583894,0.7904827992932645,0.08297212987899816,16.328608638786882,-14.328128361771498,4.261224585301642
1760681155.2388585,-29.044333250928194,-0.36112942562753864,0.8062946240009383,0.09535067910388449,15.974896345906329,-12.67404238722018,8.257721200746387
1760681155.2498512,-28.793456657247532,-0.3624681957024865,0.8320070560640349,0.1045037424510193,15.691744476478686,-10.560327046077305,11.905464502084858
1760681155.259047,-28.51008568951129,-0.3692517910610834,0.8680186278706667,0.10874064616408674,15.459332880608558,-8.056856080135049,15.10896192702131
1760681155.2690718,-28.203854877702,-0.3799172695801657,0.9133444939255557,0.10659844680260151,15.240917381674683,-5.249982673118695,17.809643120594817
1760681155.278873,-27.882537071105475,-0.39197523748149055,0.9655418409291069,0.09703921119541048,14.990876739720726,-2.2348998232437287,19.997725870565286
1760681155.288511,-27.551170225903913,-0.402460368596909,1.0208897656052895,0.079603496879579,14.665519347497805,0.8943747782889957,21.7191996066356
1760681155.2987163,-27.211678453946305,-0.40855806094265024,1.0748275053879086,0.05449299091118687,14.234439926413817,4.055274766596531,23.075394098519524
1760681155.308731,-26.863047820661077,-0.4082632768302577,1.1225945451732948,0.022567725073250555,13.689790531120998,7.1846945697722875,24.213851253925814
1760681155.3187172,-26.502001192830974,-0.40089928219955245,1.1599536158898962,-0.014737422877416754,13.050942312278309,10.242409526213818,25.311100537878733
1760681155.328676,-26.124015860127468,-0.38735037721150256,1.1838346151820411,-0.055553816562291365,12.36276744896491,13.208398716070247,26.549838219036648
1760681155.3386986,-25.72446775180943,-0.3699378039053815,1.1927399127580225,-0.09774905938066675,11.687177086939077,16.073916851976268,28.094246415425026
1760681155.348781,-25.299677676266082,-0.35196246722452595,1.1868137954769478,-0.13910777702091504,11.089424928514795,18.827872338821493,30.067378637596896
1760681155.35843,-24.84767601336765,-0.3370196549753426,1.167585353976993,-0.17751892399721222,10.622511164026633,21.441691256718922,32.533817079316854
1760681155.368739,-24.36858064748018,-0.32824103758514517,1.1374988482801924,-0.21116656905154083,10.314020670548546,23.856733716447838,35.48965675523459
1760681155.3787768,-23.864577607522058,-0.32763198288646195,1.0993990688069422,-0.23870802332855875,10.159294604265448,25.97803175472713,38.86072886233562
1760681155.3887815,-23.339578571337285,-0.335647545181962,1.0561214865280908,-0.25940831620552196,10.123008403105848,27.676727535011416,42.50899648299869
1760681155.3988433,-22.798681303378814,-0.3510939786561082,1.010266600597579,-0.2731968333080311,10.148722553129621,28.801621261221666,46.24620562184119
1760681155.408489,-22.247568378648435,-0.3713673770815757,0.9641538265908058,-0.280625346387437,10.173701644750881,29.198248341705632,49.853124573123466
1760681155.4189408,-21.69195321006615,-0.3929645981688917,0.9198872854337449,-0.28273218578294795,10.144930939283135,28.7322789095484,53.10210596749245
1760681155.4288192,-21.137138667316943,-0.41214157278836133,0.87944078466467,-0.28084401580793994,10.032080839625028,27.313019814867204,55.78035568162792
1760681155.438816,-20.587710146814477,-0.4255660571766516,0.8446816858361,-0.27636245905390167,9.834131356690392,24.91260309262544,57.71128598872488
1760681155.449383,-20.047351337162134,-0.43082537985876546,0.8172929382591176,-0.2705812431184428,9.578160232847127,21.577182266121216,58.771701775856236
1760681155.4587305,-19.5187498730949,-0.42670029410322435,0.7986036530992258,-0.26456359299952437,9.310910555710192,17.42802602805754,58.90322637316701
1760681155.4683983,-19.003552838105993,-0.4131845643556691,0.7893818759376704,-0.25908839629933555,9.08559573608361,12.652406143407704,58.11711575868944
1760681155.4785507,-18.502340193836293,-0.39129329339696806,0.7896622706053175,-0.25465579274028405,8.947471584261793,7.486060607489008,56.49226352608333
1760681155.4887862,-18.0146059505977,-0.36274363957146527,0.7986716496009993,-0.2515323318002547,8.92176490025842,2.190311951868406,54.16673889969149
1760681155.4986572,-17.538763611459604,-0.3296009401237902,0.8148848495888001,-0.24981270055136237,9.006678971013606,-2.9725406773223475,51.323715101413406
1760681155.5088222,-17.07221136120842,-0.29396504254664574,0.836206055604792,-0.249477526288939,9.172734952447644,-7.762099649941914,48.17320149022154
1760681155.518401,-16.611494601395265,-0.25774035008368545,0.8602389041068661,-0.2504332121528132,9.368099495002658,-11.978263561185647,44.931538111315305
1760681155.5284545,-16.152588096508385,-0.22250341653023165,0.8845910552473701,-0.25252872538535953,9.528212887548419,-15.473398711876044,41.80099994628646
1760681155.538663,-15.69129281362496,-0.18945974457665776,0.9071578678182739,-0.25555345568519744,9.587260067290712,-18.157616332872486,38.95194492613082
1760681155.54875,-15.223711803392476,-0.15946653638664357,0.9263414386229213,-0.2592265867151828,9.488926510546914,-19.997425089321872,36.509641051549
1760681155.5586512,-14.74674479415536,-0.1330914708650198,0.9411788655377108,-0.26319011674369297,9.19438039570942,-21.008773388685572,34.54721474333411
1760681155.5685225,-14.258531261345013,-0.11068074358356443,0.9513716085922151,-0.26701536614241966,8.686314663177242,-21.246038927199386,33.08516760679414
1760681155.57912,-13.758780098869806,-0.09241978274661249,0.9572229542063413,-0.2702280466136928,7.968888802062695,-20.788853882099737,32.096830267138124
1760681155.5887198,-13.248946860794145,-0.07838090120758719,0.9595016114798853,-0.27235115402575544,7.064263059307543,-19.728744589578692,31.518235818329064
1760681155.598749,-12.732247876156398,-0.0685590140550789,0.9592568116784478,-0.2729597260673239,6.006947584573492,-18.157392461795098,31.260410944282206
1760681155.6091623,-12.213524500260847,-0.06289858591927122,0.9576146182540242,-0.27173847702759507,4.837363204960102,-16.1579053631499,31.222076083191894
1760681155.6190743,-11.698984036961093,-0.061313883360043474,0.9555862772689269,-0.2685331187493268,3.595897791213769,-13.799894466233084,31.301161795551973
1760681155.6289244,-11.195846059819344,-0.0637028456989264,0.9539164990709867,-0.26338802639655184,2.3184345609541044,-11.13848359062374,31.40421851376241
1760681155.6389503,-10.7119182208268,-0.06995392673062788,0.9529920447541398,-0.2565650581247626,1.0338936632678875,-8.21673988132474,31.45348223407233
1760681155.6486661,-10.255119676226125,-0.0799450162594275,0.9528197268911426,-0.2485394187537386,-0.23617298521771454,-5.070495445997625,31.391834518246267
1760681155.6587074,-9.8329673334867,-0.09353354154102646,0.9530704410556549,-0.23996892612102527,-1.476368870322273,-1.734204214536879,31.186039225161927
1760681155.6686866,-9.452042984122846,-0.1105374804658028,0.9531753407081232,-0.23163487655545056,-2.6753912010029683,1.7536028401059078,30.828466993159953
1760681155.6787596,-9.117469001054264,-0.13070893231660913,0.9524540535222055,-0.22435722711420847,-3.823995983522607,5.346520841300471,30.337163847599356
1760681155.688682,-8.832434114126015,-0.15370412376714185,0.9502534496362232,-0.2188930281768651,-4.913729371781376,8.988964161649825,29.753783044554243
1760681155.6986713,-8.597822101553605,-0.17905413866968725,0.9460780782515138,-0.21583239817596847,-5.936846812431154,12.617580329202589,29.138781858809235
1760681155.7086349,-8.411998159972008,-0.2061389937408454,0.9396985301654566,-0.21550874260119246,-6.887446706482105,16.16496899788909,28.563505495222376
1760681155.718814,-8.270798392786151,-0.23416633282315813,0.9312297674761767,-0.2179387633665524,-7.763477079283521,19.56474464086232,28.099316614670204
1760681155.728695,-8.167749964238013,-0.2621567150918444,0.9211758107644522,-0.22280326282406723,-8.56900788901227,22.756649753376568,27.804641943460194
1760681155.7387006,-8.094525760798062,-0.28893920994622135,0.9104389734637021,-0.22947209887838943,-9.316046632100358,25.690381448781185,27.711506272159962
1760681155.7487013,-8.04160956650709,-0.313162090222959,0.9002917923372402,-0.2370671218519467,-10.025232334354726,28.327075680947928,27.813614988308768
1760681155.7586727,-7.999119000887482,-0.33332365418731447,0.8923096175483684,-0.24454877351839366,-10.724958418578389,30.637971059776486,28.058172323821168
1760681155.7688034,-7.95770923885554,-0.34782809164125833,0.8882626992134234,-0.25080915013052046,-11.448796873389108,32.60052762285486,28.343316055434386
1760681155.7788143,-7.909465526810206,-0.35507033966112345,0.8899689639240204,-0.25475808864090604,-12.231454300621415,34.19302630818926,28.52235979869202
1760681155.7886477,-7.848688031354313,-0.35355098872987284,0.899112844125206,-0.25539680018065225,-13.103816222041454,35.38924474559516,28.415101320875802
1760681155.7986507,-7.772477721683478,-0.3420176142632622,0.9170417891160734,-0.2518813655572981,-14.087869271451213,36.155039205001806,27.825453472758493
1760681155.808959,-7.681046611744827,-0.31962376601887704,0.9445596536225538,-0.2435822775226757,-15.192384760274606,36.448451198943175,26.563737496317103
1760681155.8187146,-7.577700604372441,-0.28609194390119863,0.9817425503898203,-0.2301445634662854,-16.410179481792238,36.22429826900708,24.47124572460321
1760681155.8285053,-7.46847806042403,-0.24186171020299405,1.0278049777672131,-0.2115468210582934,-17.717547256247006,35.44324049879576,21.444172741041182
1760681155.8387423,-7.361469436541164,-0.18819894937990742,1.0810406924562315,-0.18814992779345438,-19.07610836312434,34.084264788140096,17.453749674724
1760681155.8484778,-7.2658885446485915,-0.12723988560020605,1.1388551410031027,-0.16072146400778153,-20.436907126109805,32.158617930718506,12.559445337485279
1760681155.8587205,-7.191008180929381,-0.06194739665354084,1.1978972571178408,-0.13042308584963638,-21.74617471643446,29.722589608562636,6.91252381915588
1760681155.8686607,-7.145104020170345,0.00403129749616569,1.2542903740231532,-0.09875452747686721,-22.951840499586947,26.88626402439983,0.7481904934724041
1760681155.8786933,-7.134562008159029,0.06660020277840216,1.3039539436226348,-0.0674549915205574,-24.00967743536922,23.815478060918764,-5.633955931671347
1760681155.889002,-7.163289366179352,0.12152256970792172,1.3429948537034269,-0.03836610413833349,-24.887950776599777,20.724844042513286,-11.899606372751395
1760681155.8987353,-7.232525827101764,0.16477065172538127,1.3681254328898758,-0.013261289331529567,-25.56965199249363,17.860929633907027,-17.716188059812335
1760681155.9084344,-7.341084588769683,0.1928831705747881,1.3770408933094804,0.006350047858126317,-26.051859375332423,15.47650641293408,-22.791328004080597
1760681155.918532,-7.485973882608989,0.20329751432303061,1.3686799120230124,0.019424349595812355,-26.342405126948712,13.79882957808178,-26.907937228194697
1760681155.9285598,-7.663277174280573,0.19462591143811067,1.3433130585458322,0.025557026728786257,-26.454674503516863,12.996554222144267,-29.950733327130166
1760681155.938455,-7.869119624814043,0.16684576895389275,1.302449365314142,0.025081694526492827,-26.40180062068891,13.150544457586003,-31.92007899091778
1760681155.9487314,-8.100532563310454,0.12137440679065649,1.2485987178630475,0.019055056917551657,-26.191595736959865,14.233334160919496,-32.93078834089316
1760681155.9588866,-8.356051512896173,0.06100277444148349,1.1849563543736041,0.009108673715068984,-25.82325950812257,16.100672547922944,-33.19580878275049
1760681155.9691164,-8.63594369605597,-0.010322892683158764,1.115079720426902,-0.0028187165755719115,-25.28635570720735,18.496930872800004,-32.99704407008819
1760681155.9787421,-8.942045352627025,-0.08786033688642352,1.0426113607605165,-0.014819624631051161,-24.5619843926597,21.074478792362754,-32.64757093991638
1760681155.9887073,-9.277275346032631,-0.16653717223135284,0.9710711740555176,-0.02535052224402869,-23.625719504747625,23.425524557608377,-32.45074691448817
1760681155.998752,-9.644952718636898,-0.24146647397260912,0.9037084388747725,-0.03347520792491284,-22.45178412864897,25.123356173152178,-32.662043437218365
1760681156.008418,-10.048064675635636,-0.30843506034346585,0.8433849523616814,-0.03895757751637025,-21.017945544766285,25.768528196582558,-33.45884180160964
1760681156.0185263,-10.488610754074282,-0.3642828076429533,0.7924646833152467,-0.04218811130394448,-19.310567326003806,25.03450561507636,-34.92200378337737
1760681156.0286994,-10.967106505872632,-0.40711278073172186,0.7527038108879265,-0.04397694240035196,-17.329176008720136,22.706840269780162,-37.031058680364
1760681156.0388243,-11.482284706465604,-0.4363110472973601,0.7251513004676795,-0.045277559594084506,-15.089916017805228,18.710376695547847,-39.672750461427476
1760681156.0490656,-12.030996263234323,-0.45239334397599146,0.7100780166355206,-0.046911521165887676,-12.627414922009285,13.120435465982013,-42.66086318861439
1760681156.058754,-12.608291675209534,-0.4567231951566078,0.7069554225459174,-0.049352426435001054,-9.994783785703495,6.156312901579043,-45.763936690302074
1760681156.0687447,-13.20765517663913,-0.451162237971832,0.7145031984819555,-0.05260724334009612,-7.261681087292062,-1.8416727082282192,-48.73676072577888
1760681156.0789187,-13.821361912998091,-0.43771957347926027,0.7308142695794703,-0.05621108447296382,-4.510581064555153,-10.44765199890474,-51.351366099497554
1760681156.0888896,-14.440928867678592,-0.41826275188114487,0.7535473950236308,-0.059329752552264824,-1.8315954659229083,-19.192404239388523,-53.42357994456331
1760681156.098809,-15.057630349891436,-0.39433813966186704,0.7801605949680959,-0.06094450120869113,0.6836633154776783,-27.6059104214141,-54.832020656518296
1760681156.1087277,-15.663047681159028,-0.3671241525229553,0.8081508016794385,-0.060078365341879575,2.9486788930718513,-35.25463863729,-55.527569927519174
1760681156.1187005,-16.249620344194376,-0.33751158859265495,0.8352669391964916,-0.05601639409759403,4.888678452445695,-41.76977385606733,-55.532744517801426
1760681156.128553,-16.811163410124948,-0.30627814261881925,0.859671261120322,-0.0484749266224177,6.446981312257413,-46.864939969489555,-54.93184425800402
1760681156.13873,-17.34331521974466,-0.2743055273748709,0.8800332870512847,-0.037686908492695764,7.590601085171617,-50.34412095727651,-53.854079177923325
1760681156.1488843,-17.843881190004705,-0.24277996866542134,0.8955507782154852,-0.024388698631391318,8.314433365912471,-52.101982852506154,-52.4528471178454
1760681156.1586335,-18.31304383651327,-0.21331908493606405,0.9059034440481004,-0.009715397883669784,8.643212413961637,-52.11943225590557,-50.884720249002136
1760681156.1686766,-18.753414016857988,-0.187978774250428,0.911157019967708,0.004968939036659111,8.630530930023243,-50.45704617239143,-49.291381333824326
1760681156.1786623,-19.169902981773937,-0.1691132385767976,0.9116449621243911,0.018269058484373008,8.354611854987253,-47.248164219747714,-47.786803246759774
1760681156.1886373,-19.569400674940354,-0.15909166120415433,0.9078580137083875,0.02894725192980159,7.911081854362341,-42.69226474849033,-46.450657218859135
1760681156.1988213,-19.960257040255076,-0.15991441745772456,0.9003658014796909,0.03607370774758995,7.403570683864658,-37.04810916199742,-45.32762081339366
1760681156.2086241,-20.351583393272662,-0.17280847208670527,0.8897809365663012,0.03911937983589351,6.933409050014417,-30.625335360323525,-44.43124962238052
1760681156.2188187,-20.75241939915073,-0.19789884703368701,0.8767599944674415,0.03798379087733091,6.589891831775934,-23.772900140444342,-43.750558896132155
1760681156.228703,-21.17084243421446,-0.2340413615429167,0.8620233017871801,0.03296297595328569,6.4424446180526695,-16.8630882563035,-43.25744966579362
1760681156.2388406,-21.613122018626733,-0.27886565471967834,0.8463709144331251,0.024674884091127138,6.535623510397476,-10.270703685648433,-42.91349501941226
1760681156.248831,-22.08303394108442,-0.3290297506642507,0.8306765080561251,0.013966718916393856,6.887322085293183,-4.348386923095543,-42.675203888944075
1760681156.258664,-22.58143981124685,-0.3806420632070392,0.8158512981270041,0.00182701273916582,7.490002607709136,0.5995853344951121,-42.497534452752376
1760681156.2688997,-23.106205562304552,-0.4297737958691403,0.8027812616288568,-0.010685436611412863,8.314333048640478,4.341662472096464,-42.335997685443566
1760681156.2787235,-23.652480037305992,-0.47296869607042286,0.7922484903069853,-0.022498128181003354,9.31437474224002,6.738001057214659,-42.14805426819068
1760681156.2886693,-24.2132912512268,-0.5076589015785831,0.7848506100138598,-0.032579526118910615,10.43344339677813,7.751186763147576,-41.89457338899644
1760681156.2987304,-24.780357175304488,-0.5324142125348665,0.7809323455767836,-0.040004579233436866,11.609912296949759,7.447057761453597,-41.541867265655625
1760681156.3087726,-25.34496606770034,-0.5469851364601382,0.7805414133185304,-0.04403432439642471,12.78245227515464,5.985460601276868,-41.06432546509972
1760681156.3184297,-25.898772729740607,-0.5521438052434146,0.7834165978444011,-0.04419997353398474,13.894414832850664,3.6022090033241283,-40.44713722889644
1760681156.3288958,-26.43438855202554,-0.5493742531731586,0.7890093363277476,-0.04037310788198903,14.897213744545567,0.5847060621810948,-39.68823295740613
1760681156.338708,-26.945708127467316,-0.540500665513118,0.7965335783825667,-0.032802488880218576,15.752658301646761,-2.755569738295499,-38.79854742846599
1760681156.348675,-27.427991897661585,-0.5273527229302346,0.8050349708983123,-0.022103649722620453,16.434269063778753,-6.110354993949321,-37.800011113949694
1760681156.3584762,-27.87778524654133,-0.5115445654872693,0.8134706084482979,-0.009196853212470378,16.927672034770065,-9.198726232163269,-36.72119938202321
1760681156.368484,-28.29277994422678,-0.4943978163217055,0.8207931866744933,0.00480097219860251,17.230204516011998,-11.785966418185762,-35.59115955490094
1760681156.3785021,-28.671709827743683,-0.47698929067855533,0.8260361272724276,0.01871659411251852,17.34986351046473,-13.696134196261035,-34.43244488520218
1760681156.3888001,-29.014329717696793,-0.46026907255192184,0.8283982819081848,0.03147421761436364,17.303696461324854,-14.818320616231816,-33.25469201365576
1760681156.3989072,-29.321473165633925,-0.44518324608476906,0.8273283616862843,0.04224085734522959,17.115707575709536,-15.107373754350819,-32.05011529393015
1760681156.4084518,-29.595138062661306,-0.43274471315718616,0.822609369609131,0.05054062631040692,16.814365118810628,-14.580306662996895,-30.792038344893367
1760681156.4184515,-29.838520244881394,-0.4240164503920317,0.8144402375179276,0.05631689667902006,16.429857233766196,-13.309640288161686,-29.437054577480346
1760681156.4288273,-30.055908282710842,-0.4199970898618351,0.8035055609924543,0.05992696164332554,15.991336483620856,-11.414634029245832,-27.93066903647107
1760681156.4387808,-30.252368306340962,-0.42142526874030595,0.7910174191644634,0.062064014178662585,15.524476262363542,-9.050869100290958,-26.215467080071235
1760681156.4486096,-30.43318539830492,-0.4285442223936875,0.7787088082688421,0.06361445692347707,15.049694609243241,-6.398169258123936,-24.240187540522584
1760681156.4587166,-30.603085599868542,-0.4408875342863665,0.7687576874109089,0.06547136648636716,14.581356714978446,-3.6465674309604283,-21.967760243300525
1760681156.4687657,-30.765332344031066,-0.4571548751658403,0.7636248997209725,0.0683337917261064,14.128140159554622,-0.9801099486179284,-19.38053951573382
1760681156.4786994,-30.920855773711992,-0.47523717049594016,0.7658003242757963,0.07252444260322109,13.694546852450069,1.4411980467008652,-16.48162084770602
1760681156.4884768,-31.067608184126968,-0.49242215591106064,0.7774709981127114,0.07785540536181468,13.283295214866122,3.5001249647906065,-13.292095503853876
1760681156.498807,-31.20032343463816,-0.5057689663375341,0.8001493202325645,0.08356529732279924,12.89806459730221,5.139410623830319,-9.845107366781823
1760681156.5089657,-31.31078949419435,-0.5125957006244738,0.8343208533354747,0.08834456723550349,12.545858973404641,6.3743517824675235,-6.1783591272738
1760681156.518838,-31.3886387241604,-0.5109898831801296,0.8791823180214925,0.09045788601689252,12.238200785653378,7.297355883358494,-2.3270677656794354
1760681156.5287054,-31.422549999950295,-0.5002371114501496,0.9325374169299793,0.08796024034038909,11.990535015984854,8.07152164855245,1.6807981796515898
1760681156.5390975,-31.401669342123352,-0.4810690988203518,0.9908996974179449,0.07898557234777434,11.81962532148995,8.91171096175236,5.825797236980783
1760681156.5487652,-31.317010200191373,-0.45565669891121274,1.0498181115381806,0.06206825898336364,11.739281768236216,10.053768006456922,10.094536008639064
1760681156.5591319,-31.162599476275723,-0.4273177913400832,1.1043959995242236,0.0364450218816337,11.755332882138203,11.715145062298136,14.47418312784164
1760681156.5688362,-30.936190442035805,-0.39997474086723184,1.1499254550509854,0.0022815728769697103,11.861146631120759,14.052649128479054,18.945588992982128
1760681156.5784981,-30.639455229986453,-0.3774666705316417,1.1825184079975692,-0.0392265417270866,12.035014944675403,17.124701753084608,23.477001858422973
1760681156.5886886,-30.277670332398113,-0.36286648598002763,1.1996015884344882,-0.08591660473698358,12.240309066998957,20.865894121300023,28.020046425620254
1760681156.5987556,-29.85899139875873,-0.357947543937319,1.2001728924564794,-0.1348967441840041,12.428717942174538,25.0803911984426,32.508750059759784
1760681156.6089165,-29.39346590415689,-0.3628973980355947,1.1847895741313381,-0.1829284020066398,12.546378495686275,29.457739558777988,36.86145386171704
1760681156.6187644,-28.89195348224192,-0.37631568777402646,1.155340719872777,-0.2268770111878262,12.542301974022413,33.61013284922868,40.98488756375421
1760681156.6291497,-28.365115221122775,-0.39548174082058574,1.1147037642588675,-0.2641339312619422,12.37798354179113,37.125244763710285,44.77962033037261
1760681156.638759,-27.822597321572665,-0.4168366961053702,1.066379503507849,-0.2929283441891239,12.03643544211998,39.62498887164727,48.14631285623408
1760681156.6488929,-27.272480166506625,-0.4365903734535631,1.0141606110279773,-0.3124847108418866,11.528459724560514,40.8193111290234,50.99240912727823
1760681156.6587641,-26.72100581846271,-0.45133807908474893,0.961846257251784,-0.3230178654217707,10.89417913333636,40.545585634912285,53.23895810154082
1760681156.6689007,-26.172548781951154,-0.4585677940320562,0.9129896916731073,-0.3255856994854801,10.198753494145887,38.78759968556389,54.82716441496624
1760681156.678855,-25.62976399332787,-0.4569620356627484,0.8706619065036153,-0.3218409560639616,9.522561230954892,35.67236545996659,55.72416310695218
1760681156.6886055,-25.093834089661158,-0.4464486453438426,0.8372298979638868,-0.3137383588940485,8.947531219905173,31.447134026988593,55.92749172144934
1760681156.6985145,-24.564744005436694,-0.4280172289535345,0.8141718468121828,-0.30325498012732977,8.54238736641873,26.442303518737333,55.46776429904436
1760681156.7088275,-24.041532974465316,-0.40337422843418125,0.801967402138494,-0.29216767247128794,8.349985127903373,21.027810872883332,54.40905738583519
1760681156.7185555,-23.52250729804823,-0.37454209337077005,0.800097686194008,-0.28190800494950213,8.379495087117945,15.570698309941642,52.84651877520369
1760681156.7287154,-23.005431478598595,-0.34350625658455913,0.807167892611999,-0.27349302068995945,8.60502349336631,10.399985742597742,50.90084317770046
1760681156.7387803,-22.48773764083891,-0.3119806976956324,0.8211361485196259,-0.26751619640887614,8.970715105362101,5.78241715645509,48.70964259113821
1760681156.748773,-21.966795000507634,-0.28131536029227955,0.8396079835879832,-0.2641783997158328,9.40091241778102,1.9099209960817716,46.41633753235064
1760681156.7588615,-21.44026155396744,-0.25252544819565315,0.8601448543239879,-0.2633414339825558,9.812927060623506,-1.1025845284442988,44.15782460461391
1760681156.7691221,-20.906504553667887,-0.2263943181193456,0.8805393286015016,-0.2645938934952751,10.129635173513625,-3.2117138543158803,42.05261180315325
1760681156.7789829,-20.36503531971577,-0.20359108949349605,0.8990233413262025,-0.2673264320913741,10.289462196696396,-4.43547099556469,40.19119063501038
1760681156.7889655,-19.81687241475929,-0.1847509354025987,0.914391768002715,-0.27081682229289317,10.252205811533626,-4.841017916739057,38.630068811408094
1760681156.7987785,-19.26473952212232,-0.17048719278884886,0.9260370483685497,-0.274322702742298,10.000271805957123,-4.532089059444092,37.39017387972212
1760681156.8085127,-18.71302689892903,-0.16133234735070456,0.9339013063667014,-0.27717438720628984,9.535956749675876,-3.63690038556592,36.45944480165677
1760681156.8188944,-18.167492958636426,-0.15763010476086062,0.9383611840217495,-0.2788560865201346,8.876148935012003,-2.296766055610393,35.798628211752664
1760681156.8288498,-17.63474148369795,-0.15941627955432433,0.9400677701217224,-0.2790640198145997,8.046101567558567,-0.6554084716782914,35.34882959639887
1760681156.838784,-17.121562662438652,-0.16632936375633964,0.9397692652903404,-0.2777339003917707,7.073780998975188,1.150903476965765,35.039346403555435
1760681156.8487153,-16.634256855234042,-0.17758296341515273,0.9381463241125656,-0.2750361786641338,5.98584394595432,3.001923107836392,34.794686174039754
1760681156.8586648,-16.178060097961485,-0.19201522643446386,0.9356877952978008,-0.27134268309062703,4.8057190110599395,4.799966192824323,34.5402827567027
1760681156.8688471,-15.756760904829124,-0.2082100727813154,0.9326270137922353,-0.2671709578808389,3.5537020620905966,6.473642056124049,34.207036595420355
1760681156.878472,-15.37254759430873,-0.22466629891043444,0.9289465863319163,-0.2631123672965707,2.2485241381423253,7.978235489314644,33.73519858093809
1760681156.8885312,-15.026067230437825,-0.2399776057812648,0.924444909577056,-0.2597487407784277,0.9095785915021481,9.292707012815626,33.078155523103334
1760681156.89849,-14.716627915585676,-0.25298391739047577,0.9188440834444781,-0.25756294605568475,-0.44107015296583196,10.4139596396424,32.20635946315082
1760681156.908813,-14.44245258511644,-0.26286503363664954,0.9119108002949733,-0.2568528385172982,-1.777638606915299,11.349691112379416,31.1111125137647
1760681156.9187639,-14.200903164578444,-0.26916806517715425,0.9035618134059126,-0.25766345510194083,-3.0709883757891414,12.111568348750296,29.80741228224423
1760681156.9288745,-13.988631862113785,-0.2717802556652146,0.8939326831161639,-0.2597549161756843,-4.290476109009794,12.710423166415334,28.33482993622595
1760681156.938871,-13.80166301658361,-0.2708702471701747,0.8833994286412563,-0.2626208760817753,-5.406975483213612,13.154626061415112,26.755579855332304
1760681156.948711,-13.635445802903382,-0.2668220544914032,0.8725545571585948,-0.2655649580100238,-6.396439289870328,13.45188596921959,25.149511392100216
1760681156.9587774,-13.484933800564322,-0.2601797419438119,0.8621492449846813,-0.26783158629549264,-7.243205710689413,13.6137150397182,23.60650477912787
1760681156.9688957,-13.344738621182024,-0.2516101929539777,0.8530193545844127,-0.2687740981020941,-7.942305586550704,13.660981937422273,22.217412559223245
1760681156.978843,-13.209375636251192,-0.24187983693970486,0.8460125028078501,-0.2680294282289707,-8.500279385003449,13.628581854993925,21.06504173857353
1760681156.9887314,-13.07358100818595,-0.23183284052988165,0.8419276583827778,-0.2656593805327946,-8.93436090816928,13.567379073253596,20.216628969750573
1760681156.9986734,-12.932645052229253,-0.2223563640320469,0.8414714374492637,-0.26221826714750995,-9.270209935725275,13.54218949295694,19.718845287312202
1760681157.0085309,-12.782690942999846,-0.21432371242307904,0.8452296048816323,-0.25871800563037284,-9.538606949751104,13.625504341844259,19.59569332877549
1760681157.018862,-12.620837431803045,-0.20851622038827616,0.8536491576038073,-0.2564828043109719,-9.7716502792386,13.8876830754987,19.84891453208629
1760681157.0286658,-12.445217244046669,-0.2055351514563675,0.8670251566477081,-0.2569105448294951,-9.999044464914649,14.385231217091512,20.459928516965523
1760681157.0389674,-12.25486724105284,-0.2057213911977108,0.8854865485056554,-0.26117989946602554,-10.24506071395301,15.149334094712753,21.392075928944294
1760681157.0488448,-12.049545717002594,-0.2091008182003849,0.9089763176118962,-0.26995578577212875,-10.526687206029,16.17691679919367,22.592115721924937
1760681157.0590622,-11.829551932052196,-0.21536708816756034,0.9372235817521968,-0.28314852835711446,-10.853358268971594,17.42612482554485,23.990470481099365
1760681157.0690176,-11.595615865708492,-0.2239035691562868,0.9697092729240371,-0.2997745597790991,-11.228449320290604,18.81736322516716,25.500425340922696
1760681157.0786772,-11.348895117717685,-0.2338365497602588,1.0056329435978857,-0.31795134029968,-11.652447553133047,20.240072711269267,27.01712847079773
1760681157.088756,-11.091073795656785,-0.24410695009131148,1.0438941632559633,-0.335039665398857,-12.127368711407607,21.564458096560696,28.41761481234944
1760681157.0986059,-10.824521682214325,-0.2535486698220167,1.0831046085363898,-0.3479252565635962,-12.661630979146505,22.6565656302281,29.56308006916547
1760681157.1089442,-10.552452208358371,-0.26096535673457893,1.1216437426248689,-0.35341063972824144,-13.274299947830485,23.394514099225457,30.30428634449507
1760681157.118759,-10.279017177849383,-0.2652006528657589,1.157761709829769,-0.3486700466333151,-13.997487495773502,23.683406637307996,30.490391730153682
1760681157.1287904,-10.009291373246663,-0.2652003284311203,1.189720518856694,-0.3317068765527291,-14.87580848619153,23.466604222884047,29.980808185671187
1760681157.138775,-9.749125555775587,-0.2600702178129554,1.2159537697756784,-0.3017475361637427,-15.962201235371406,22.731676661839565,28.659034810588317
1760681157.148733,-9.504875919990019,-0.24914060586694275,1.2352198884841878,-0.25950853833137155,-17.310059147521283,21.510342972975437,26.446873403262355
1760681157.1587605,-9.28304604388202,-0.23205061399748028,1.2467238851265814,-0.20728480286931253,-18.962401777626045,19.87282391076612,23.317062917250613
1760681157.1687298,-9.089898635000774,-0.20885993691797716,1.250186028742428,-0.14882446309457792,-20.939586122094664,17.917999101013546,19.30222539495835
1760681157.1787887,-8.93110458083323,-0.1801798749380949,1.2458422576410104,-0.08897905052124065,-23.227643009288258,15.761395925022489,14.498175215306924
1760681157.1887975,-8.811493372543385,-0.14729735435958516,1.2343718281902005,-0.03314939966601897,-25.76955573496893,13.52320429934486,9.06016264478106
1760681157.1990511,-8.734951896968447,-0.11225279761135436,1.2167624927591774,0.013413407235944386,-28.461599741774318,11.318125752056629,3.1914845608639806
1760681157.2085328,-8.704490144999529,-0.07782971658974806,1.1941391538087232,0.04635337487720508,-31.15626164973909,9.24794146073286,-2.874985698418583
1760681157.2185445,-8.722456394502128,-0.04742047728894133,1.16759273584518,0.06287605220381888,-33.672348048008814,7.396452146023303,-8.900561478553735
1760681157.228572,-8.790846933752903,-0.024747836065061788,1.138046988943164,0.06220948559674075,-35.811794546809374,5.825379596035603,-14.666883482157091
1760681157.2387438,-8.911625531502636,-0.013446544234444444,1.1061917114206492,0.04576096026277136,-37.38151925063242,4.569471232510601,-20.00077828528313
1760681157.248873,-9.086956081807253,-0.016543391631789226,1.0724953553528145,0.016924499643498424,-38.217580429505894,3.6297216447179994,-24.794017037513
1760681157.258722,-9.319265037650588,-0.035910757400583096,1.037292405298169,-0.019437113177558,-38.208087360471104,2.9651649288662525,-29.014659515791138
1760681157.2688372,-9.611087106991171,-0.07179494994601184,1.0009240720649,-0.057745477383231825,-37.311003919826874,2.485521174237612,-32.707785268448994
1760681157.2787669,-9.96469903570267,-0.12252542368896553,0.9638971826272948,-0.09255819197582915,-35.56337923530829,2.0483456212962374,-35.984962553482646
1760681157.288832,-10.381600049958328,-0.18449239614780183,0.9270181517692343,-0.11936570205496885,-33.07973318602838,1.4645696607144882,-39.00352628411737
1760681157.2987416,-10.861941640586897,-0.25244064434522817,0.8914584503748711,-0.13519404752392,-30.039212665635766,0.5150618273740177,-41.93839317821641
1760681157.3087747,-11.404030788017893,-0.3200674886891279,0.8587173016354263,-0.13891540026457763,-26.663331417155295,-1.0218416924723666,-44.95050407596549
1760681157.318816,-12.004018406414554,-0.3808421831283368,0.8304693622942007,-0.13123017473599846,-23.188000431981923,-3.3352939500371983,-48.156746639638584
1760681157.3284972,-12.655839321342793,-0.42890589475718427,0.8083181686552221,-0.11435332459498763,-19.83457565413478,-6.545806940342875,-51.606120184493996
1760681157.3387837,-13.351408431524,-0.45988967630603317,0.7935086683038001,-0.09149370878289692,-16.784546971596026,-10.675831132342568,-55.26597022335229
1760681157.3488755,-14.081024743460937,-0.47150707663425623,0.7866689333650444,-0.06624351475859544,-14.161427629589381,-15.633997591868454,-59.0206168019482
1760681157.3588085,-14.83390889287253,-0.46382679938385185,0.787644946275857,-0.04199184734460299,-12.021814513626747,-21.217116986227776,-62.68294137731522
1760681157.3690164,-15.598802800436454,-0.43919355287461376,0.7954675019552446,-0.02145155183712641,-10.355950496161642,-27.13011110477634,-66.0177088516316
1760681157.3787735,-16.36457989563581,-0.40182656460494665,0.8084574317697742,-0.006353190339996992,-9.096744417696565,-33.020347385947794,-68.77374557267359
1760681157.3888009,-17.120833522162744,-0.3571717447769017,0.8244455206209446,0.0026757522647476257,-8.135219331874548,-38.52033531989024,-70.72068734647735
1760681157.3991394,-17.858418176203518,-0.31110995069531827,0.8410639051919839,0.006058409166625068,-7.339772827316873,-43.291744848951616,-71.68497637243196
1760681157.408523,-18.569912820992464,-0.26913487940876957,0.8560583068543305,0.005075283360301707,-6.576393573581787,-47.064002356363346,-71.57936465436805
1760681157.4187894,-19.24996649244721,-0.2356156241928563,0.8675729536250215,0.0015740523373467133,-5.727050337337299,-49.66194967352222,-70.42073012055008
1760681157.4285262,-19.895484737318903,-0.21324991831663634,0.874368629936353,-0.002368045335863359,-4.703888674774733,-51.018962686193575,-68.33274507953844
1760681157.4387627,-20.505627155237097,-0.20278935329267753,0.8759459445309582,-0.0047784894530462285,-3.4576688263931925,-51.174304131466364,-65.53262017281959
1760681157.4487612,-21.081609791762602,-0.20307568295131606,0.8725595443873393,-0.00407530777983367,-1.9799457974397796,-50.25600775139563,-62.30408716879354
1760681157.4587042,-21.626334575650375,-0.21137426755067543,0.8651243174086827,0.000727650048255251,-0.2995671813525135,-48.45284195024332,-58.96118255472737
1760681157.468929,-22.14389419739919,-0.22394044391552345,0.8550306975431903,0.00991245644205854,1.5251222926626558,-45.98048727231119,-55.8087389510335
1760681157.4789448,-22.639019883520422,-0.23672066966952152,0.8439010783091286,0.023049121918693738,3.416571317462525,-43.04771324479443,-53.105671554135945
1760681157.4889197,-23.11654860633962,-0.24607762335979988,0.833329633577057,0.03908056820487373,5.289004669169131,-39.82797164898746,-51.03631443456806
1760681157.4988866,-23.58098318273421,-0.2494319471007002,0.8246494099276768,0.05648323533535024,7.058601256233104,-36.44055310132182,-49.69346155520907
1760681157.5087154,-24.036201727981396,-0.24572557509315565,0.8187617493755667,0.07347726046998918,8.651850209039017,-32.94357432820024,-49.07468549145461
1760681157.5187569,-24.485343060537968,-0.2356318804152707,0.816046937569235,0.08825565916599158,10.011573275306496,-29.338966250254547,-49.091312759663005
1760681157.5293612,-24.93085814099784,-0.22147212425980997,0.8163575258925782,0.09920309174700909,11.100518864810184,-25.587704897285192,-49.58755793828938
1760681157.5390155,-25.374684780135574,-0.20684793991583608,0.8190825321664034,0.10508043581362841,11.902711880222954,-21.6320825714067,-50.36609589992436
1760681157.548607,-25.818482902368373,-0.19605468932754685,0.8232638237255884,0.1051589519614559,12.422900102126329,-17.421049044536375,-51.21589890043091
1760681157.5587177,-26.2638637097377,-0.19338091861178405,0.8277441189717439,0.09929449680019908,12.684527042852135,-12.934559464799063,-51.938397912831995
1760681157.5688415,-26.712554404963363,-0.20241173064663476,0.831326503200987,0.08793672537058227,12.726727536724399,-8.203261693513184,-52.36875663866355
1760681157.5787725,-27.166454446651635,-0.22544084430225947,0.8329263169709208,0.07207230912757888,12.600873717678772,-3.3205455538447093,-52.39006584487388
1760681157.5887659,-27.627556351485065,-0.26306967894008854,0.8316978668768831,0.05310770329478723,12.367134611348853,1.5551020631946761,-51.93940903952891
1760681157.5985463,-28.09772465209271,-0.3140432897948811,0.8271219525686245,0.03270589029573214,12.091312178712863,6.208318598409231,-51.00590979202532
1760681157.6087813,-28.578351798490026,-0.37534587174742756,0.8190465381480931,0.012599364056139331,11.841926785729708,10.385158092781069,-49.6219620125774
1760681157.618479,-29.069936595480836,-0.4425487116098443,0.8076812704200853,-0.005595009978738996,11.687277831546258,13.819490103989608,-47.84975658629369
1760681157.6287835,-29.571652067823255,-0.5103661494458204,0.7935543584965212,-0.020535451339097885,11.692138057776008,16.264214278742596,-45.765793653512645
1760681157.6387596,-30.08097815076346,-0.5733344826709721,0.7774442153038651,-0.03127084915362179,11.913895723729132,17.523040629712302,-43.446144502820225
1760681157.648716,-30.59346740673592,-0.6264991529655336,0.7602969427962329,-0.03730163142255541,12.398257268007233,17.4782450144335,-40.9547331633381
1760681157.658877,-31.10269162852709,-0.6659915589202944,0.7431369998913218,-0.03858216095790191,13.174925379326453,16.1102597787126,-38.33597019501578
1760681157.66887,-31.60038934787545,-0.6894034418052254,0.7269769554647,-0.035466788303961216,14.253860958534686,13.506192694306062,-35.611975462939355
1760681157.678902,-32.076805340396845,-0.6959176408549131,0.7127351540965188,-0.028607599031106136,15.622770523568015,9.856164124968416,-32.78368984216485
1760681157.6887834,-32.52118986391331,-0.6862142100154571,0.7011748759812162,-0.018820282323094982,17.246328307427003,5.438325305087763,-29.83463967278676
1760681157.6989398,-32.92241285437334,-0.6622205600961523,0.6928804858084381,-0.006945277637434382,19.067373296696207,0.5951228257127265,-26.736084463365465
1760681157.7088497,-33.26964618259284,-0.6267949836295581,0.6882816297197588,0.00626128222422945,21.00998940152968,-4.295571709896631,-23.452656671059565
1760681157.7188911,-33.55306811320933,-0.5834183433923452,0.6877250255582509,0.020176121028112358,22.984097795084224,-8.850656801547775,-19.948126207149972
1760681157.7289345,-33.76454141224034,-0.5359308661307983,0.6915770563462204,0.03428348852998636,24.891059984246272,-12.710144942137916,-16.191298106607334
1760681157.7387223,-33.898210904172544,-0.4883113485502476,0.7003235894264942,0.0480877184646881,26.629811089842484,-15.561612606858615,-12.162120930848245
1760681157.7488313,-33.9509634145268,-0.44447012330874425,0.7146219802435441,0.06099842851328599,28.103135633936887,-17.159874398511068,-7.8578482235557985
1760681157.758949,-33.92269656150795,-0.4080201319518702,0.7352611227693473,0.07223424694021449,29.22377898264604,-17.341805663510033,-3.298663909935587
1760681157.7686472,-33.81635405535084,-0.38200355428367205,0.7630040449953995,0.08078490803434689,29.920123625485047,-16.036524708462593,1.468258322528945
1760681157.7787464,-33.63770596351189,-0.36858232759142,0.7983218957580003,0.08545147159734227,30.141172600530314,-13.270966723733354,6.367518585961689
1760681157.7887957,-33.39488306209491,-0.3687385375686612,0.8410676169849667,0.08496039851934489,29.860614705328064,-9.170457380000364,11.298173265784124
1760681157.7989712,-33.097709459704426,-0.38205745524566365,0.8901690993608613,0.0781286829820444,29.079811258110542,-3.953524739605726,16.140830205647973
1760681157.808748,-32.75690751145887,-0.40666827837783415,0.9434360484770725,0.06404792287588605,27.82960773239386,2.079847799218111,20.768714063356374
1760681157.8189242,-32.38326546294714,-0.43939320657988856,0.9975676994405532,0.04225429773275972,26.17087471555323,8.566870300953491,25.06125759267788
1760681157.8287704,-31.986858175585503,-0.4761116349046069,1.0484182098561778,0.012856150581581882,24.193574172467113,15.106940911886685,28.918054705669984
1760681157.8385656,-31.576395846970353,-0.5122937904169191,1.091524074780164,-0.023401415024874014,22.013943287808633,21.291318128632998,32.27083216885654
1760681157.8485215,-31.15874860191597,-0.5436105965480114,1.1228289520667452,-0.06514538727662288,19.769187689930643,26.73477867114027,35.09149349517392
1760681157.8587809,-30.738663401748962,-0.5665014041662219,1.1394682699741612,-0.11045529943678176,17.6090242710877,31.105922583234843,37.395076365124844
1760681157.8687675,-30.31866413632277,-0.5785897461052264,1.1404204222758207,-0.15700358390024663,15.683660039033755,34.152758669559674,39.2373542284581
1760681157.8787603,-29.899113209083254,-0.5788729565072832,1.126824018724833,-0.20224298887926184,14.128480964768354,35.72091468909959,40.70755889282723
1760681157.8887942,-29.47841200165201,-0.5676610148625477,1.101828683936089,-0.24363236356342421,13.046905922624664,35.76312463600942,41.91722993572927
1760681157.8986692,-29.053321133919983,-0.5462980637260344,1.0699849867399116,-0.2788890715103224,12.49426490172473,34.34003019191181,42.986580917609125
1760681157.9086795,-28.61938306803613,-0.5167567998289592,1.0363330987936548,-0.3062422573673409,12.466485809614756,31.61315023195935,44.03005883920861
1760681157.918655,-28.17142622273033,-0.4812250364068414,1.0054451246616993,-0.32464756066687944,12.897061460773696,27.83094310072998,45.142903851370725
1760681157.9292998,-27.70412083485404,-0.4417856165652029,0.9806708392514568,-0.3339216994769429,13.664056154788812,23.308711044120617,46.390420707863626
1760681157.9387817,-27.212544622793462,-0.4002372323786572,0.9637449867780575,-0.33476463151516456,14.606442984257122,18.403304872722554,47.801342733773424
1760681157.948882,-26.692706266855513,-0.35804707873222746,0.9547859028210209,-0.3286537419101768,15.54679448222034,13.484307863710635,49.366117935659226
1760681157.9589283,-26.141973262687593,-0.3163928783501077,0.9526030003473915,-0.3176177584866468,16.315971162498215,8.90421569298579,51.04019975402199
1760681157.968606,-25.55936119665835,-0.27624661998256955,0.9551703999292088,-0.30392616857915355,16.775239150140223,4.970593288409152,52.75158727156762
1760681157.9788365,-24.945661548794813,-0.23846278309278846,0.9601240187059579,-0.28975475817255814,16.832132960434084,1.9230572928664635,54.41114893481848
1760681157.988887,-24.303408604621218,-0.2038457915482689,0.9651818492763761,-0.2768974179409682,16.44800726582322,-0.08269353883776741,55.92391132495582
1760681157.9990323,-23.636707486553828,-0.17318124582182587,0.9684424039591932,-0.2665814151503623,15.637068102950348,-0.9824548333592239,57.199602611203844
1760681158.0088515,-22.95096159994983,-0.14722602178330044,0.9685603821473066,-0.2594120874198704,14.458251359899212,-0.8022956168169847,58.16122042957944
1760681158.0189931,-22.25254704395589,-0.12666401336206895,0.9648210790420035,-0.255436212157126,13.00230978086513,0.35094533509548237,58.75102073046333
1760681158.0287445,-21.54848252579619,-0.11204412943381391,0.9571376628693332,-0.2542848499226272,11.376779755629286,2.3060747665089343,58.933856752847234
1760681158.0387504,-20.84613584854749,-0.10372194571737356,0.945987112158683,-0.2553448911138646,9.691234483703656,4.848759698701097,58.69809141424057
1760681158.0490372,-20.152993296357934,-0.1018236940427692,0.9322921243375508,-0.25791494726612474,8.04462983056811,7.744890918889311,58.05436852918408
1760681158.0591166,-19.47649904846688,-0.10624072175026437,0.9172557543594911,-0.2613194082497223,6.515860033431238,10.763215287415571,57.03248882557136
1760681158.0689425,-18.823951749546335,-0.11664850462249435,0.9021643085554579,-0.2649745350952042,5.158031761704485,13.694523216697082,55.67664926412395
1760681158.0787635,-18.202427155486372,-0.13253398923168855,0.8881863345844111,-0.26841457812870123,3.9965039558582864,16.365276948448408,54.03944263752787
1760681158.0887344,-17.61868139429972,-0.15321308007675172,0.8762030704027602,-0.27129187525091775,3.030409279883632,18.644557716844723,52.17525027354846
1760681158.0987399,-17.078982788850645,-0.17782593791072693,0.8667027679963503,-0.2733645954610606,2.2371177859549145,20.444439026311468,50.13391136022723
1760681158.1087646,-16.588826949633226,-0.2053082911528654,0.8597572084323459,-0.27448204087784217,1.578889306767881,21.71510377838935,47.955727438290026
1760681158.118795,-16.15251336495784,-0.23434941314239804,0.8550783031659082,-0.2745726821439746,1.010790351256661,22.43694271516367,45.668866684608865
1760681158.1287427,-15.772600468371474,-0.26335955231575825,0.8521345010354687,-0.27363642539393285,0.48884617619685533,22.612278468671825,43.28997638885335
1760681158.138737,-15.449303673821737,-0.2904783781047245,0.8502978575125302,-0.2717407924307659,-0.022622097883252125,22.259125955479867,40.82825449859211
1760681158.1487637,-15.179946308774053,-0.31365653327911575,0.8489936853883079,-0.26901988197048127,-0.5454478827707678,21.408553226225,38.292457730344815
1760681158.1587188,-14.958602430084522,-0.3308290726259473,0.8478301719104256,-0.2656737244997426,-1.0846350678397303,20.105961898731884,35.69953351679759
1760681158.1690905,-14.776068986368777,-0.3401715134156744,0.8466892754425441,-0.26196370538007224,-1.6283957206059299,18.415308275106447,33.08298137204131
1760681158.178533,-14.62026527713197,-0.34039577343810146,0.8457622680261508,-0.2581989837288857,-2.1512405451407672,16.424286241065158,30.498853659991497
1760681158.1887226,-14.477084664932532,-0.3310204469219777,0.8455185935161676,-0.25471164047574085,-2.6196863245471316,14.24803109524006,28.027583022968653
1760681158.198628,-14.331632686855638,-0.31254829659202515,0.8466092005250809,-0.2518244605991734,-2.999712011067477,12.029055631294005,25.770538089630175
1760681158.208778,-14.169698498984594,-0.2865019624199305,0.849722659196759,-0.24982141912561115,-3.264766427942348,9.9318311191735,23.841211397049083
1760681158.2186012,-13.979243972623804,-0.25529800903080163,0.8554269437352162,-0.2489330335923517,-3.40296664420938,8.131532019616149,22.35202985213194
1760681158.2288659,-13.751671937406797,-0.22197115830769562,0.8640351209006129,-0.24934466097697683,-3.42217338258588,6.797781565123964,21.398742486708446
1760681158.238833,-13.482658644669232,-0.18978896810601611,0.8755270101022218,-0.2512265793529037,-3.351902479642939,6.075510730193872,21.04499293487911
1760681158.248637,-13.17240474540925,-0.16181875602192683,0.8895441786496135,-0.2547741106133881,-3.241501125426828,6.065975214466246,21.30987039053119
1760681158.2586427,-12.82526575831153,-0.14052088101916385,0.9054587041362894,-0.2602386597568326,-3.1546225180490834,6.8113012169836,22.1608688949636
1760681158.269008,-12.44884632351523,-0.1274416049004856,0.9225019975740052,-0.26792909250048064,-3.1606929694810355,8.28551918898835,23.51378707355473
1760681158.2788033,-12.05274815522925,-0.12305997220101678,0.9399293895681889,-0.27816740190937783,-3.324687760832723,10.39396030165563,25.23980945860989
1760681158.2888362,-11.647215444967165,-0.12680799764568224,0.9571876424888681,-0.29119186513719375,-3.6970007038846906,12.98141194920538,27.178601167249358
1760681158.2987652,-11.241909998729179,-0.13724340089295167,0.9740466509421172,-0.30701370269626554,-4.305374299792125,15.847956267976526,29.15506832885048
1760681158.3087592,-10.844986057334522,-0.15232406537923668,0.9906574194418394,-0.32524825929379003,-5.150642092449918,18.770282467536635,30.996774063273758
1760681158.3187604,-10.46255151656717,-0.16972149649675428,1.0075106872914514,-0.3449564671084393,-6.207397740835643,21.525604554159283,32.54897879695923
1760681158.3286753,-10.098524515432688,-0.18711540349695543,1.0252948400219446,-0.36454324183755354,-7.429745364407345,23.915100835359162,33.68486808388251
1760681158.3387911,-9.754835620518207,-0.20242722386467088,1.0446813553156307,-0.38176199581267634,-8.761208884025956,25.783953734734595,34.30962277536439
1760681158.3488295,-9.431889196700466,-0.21397156461884626,1.0660897586505411,-0.39386411919850395,-10.1469370845403,27.035580271307836,34.358385994774274
1760681158.3589249,-9.129180874945982,-0.22052631402533077,1.089492956471655,-0.3979074399764119,-11.545750839295813,27.638476723138798,33.789620002984925
1760681158.368601,-8.8459664783569,-0.22133863803863035,1.1143152359295079,-0.3912019508057617,-12.939458078274724,27.625148796642602,32.57649724314679
1760681158.3789694,-8.581885627459394,-0.21609067882932034,1.1394516593661326,-0.3718321768269092,-14.3372403548773,27.08368187009991,30.699527500252103
1760681158.3889453,-8.33745679792896,-0.20484701354848092,1.1634054445134125,-0.33916247588332626,-15.773752632513126,26.143452039751033,28.143396299660484
1760681158.399092,-8.11437960280354,-0.1880014908053722,1.1845095052058292,-0.2942133057506551,-17.300750740328528,24.957160873413418,24.899951645217534
1760681158.4087923,-7.915605928259798,-0.16623681645184704,1.2011798528908162,-0.23980095530542475,-18.973359999771347,23.68170072688091,20.977568875809705
1760681158.4191253,-7.745174766386257,-0.1405053847395662,1.2121458276663037,-0.180365300116766,-20.833277688039377,22.460278553089438,16.415069946488742
1760681158.4291062,-7.607844454519185,-0.1120344283637942,1.2166120200110557,-0.12146901415833945,-22.892029634897288,21.407787643952,11.296477493439497
1760681158.4395,-7.508595466310894,-0.08235302074777429,1.2143243999714741,-0.06902691966327602,-25.117694195321814,20.600725097396662,5.761727718759784
1760681158.4488711,-7.452107422540454,-0.053329804392762956,1.2055348658494525,-0.028394455684779843,-27.428161360458425,20.072103045677487,0.008507142472662934
1760681158.4587924,-7.442323461525984,-0.027195003816640712,1.190880599084308,-0.0034859315753679415,-29.693022187293447,19.810866008904576,-5.718226302520468
1760681158.4693189,-7.4821944490905,-0.006502021645384972,1.171213320842663,0.00390581597225231,-31.744735159957408,19.764444362933357,-11.149921814020024
1760681158.47872,-7.573645814872146,0.0060238756952884385,1.1474247662826917,-0.00554701035176518,-33.39806510751966,19.84253953840329,-16.029004467991214
1760681158.4890385,-7.717745384542637,0.0077846749564029006,1.120314608799642,-0.028773540834357417,-34.47525330970604,19.920441216138787,-20.14898677734626
1760681158.498915,-7.914993527326378,-0.003254480178429935,1.0905340409554636,-0.06077784986478184,-34.83320148018387,19.84134409520382,-23.392744677423487
1760681158.5086792,-8.165626166141577,-0.02806269915588596,1.0586153706678731,-0.09544102133501203,-34.38827535562802,19.418997840881666,-25.761115050355347
1760681158.5187511,-8.469824567853141,-0.06609131796788881,1.0250726263691696,-0.12651077056096338,-33.13427183544126,18.44377028075555,-27.38515690294318
1760681158.528884,-8.827759923504795,-0.11500490036015915,0.9905380140139354,-0.14860147800170706,-31.149806680741698,16.695805764686913,-28.51795938605252
1760681158.538961,-9.23945515747788,-0.1707062084505977,0.9558886784800673,-0.15802461305239224,-28.59295938400847,13.967753603996941,-29.505294005240746
1760681158.549834,-9.704507070892157,-0.22771496832808205,0.922318375363085,-0.15330232570183588,-25.683296993170522,10.096649581720534,-30.73814943495019
1760681158.5588036,-10.22176089224967,-0.2798870723251872,0.8913188867232088,-0.13528102127060015,-22.673908430762957,5.00089289066496,-32.593673585217815
1760681158.5688,-10.789046252275893,-0.32137323549149616,0.86455604553867,-0.10684376778999621,-19.818126106899452,-1.2847909349829514,-35.37362448773494
1760681158.5787807,-11.403055788224846,-0.3476353993604267,0.8436524701092513,-0.07229972899106507,-17.33657470995731,-8.584845732859211,-39.25046392958559
1760681158.5887809,-12.059384190217127,-0.356300348382476,0.8299166281416426,-0.03658500617111445,-15.389839561659372,-16.576443386814823,-44.230401375795495
1760681158.5989647,-12.752680397973176,-0.3476573380164403,0.8240771147834235,-0.004431249418962649,-14.060645563699277,-24.805964286304576,-50.14022399139914
1760681158.6089127,-13.476838289515973,-0.32469172777694294,0.8260856243073618,0.02035291025100812,-13.347520023911803,-32.72930298260729,-56.64119523336658
1760681158.618984,-14.225175948874424,-0.2926522921187258,0.835039389192537,0.03537920015548424,-13.170000124789675,-39.77250983520074,-63.269215385164316
1760681158.6288874,-14.990605532129411,-0.25823474319553286,0.8492462794313285,0.03989972125437518,-13.383860048420996,-45.40516393253354,-69.49620936520182
1760681158.6388,-15.765831230219867,-0.2285105825464459,0.8664215148518561,0.03475028653034863,-13.80368129249468,-49.21569455861384,-74.80381259606129
1760681158.6489017,-16.54360662195782,-0.20975192702961648,0.8839761972533576,0.022065288980871792,-14.229363739203045,-50.97622833416195,-78.7576390599631
1760681158.658892,-17.317044357434543,-0.20632125137949542,0.8993449271405562,0.004839677624719162,-14.472842876454873,-50.684919870484464,-81.06962119747091
1760681158.669087,-18.079930028732907,-0.21981203568027824,0.9103033526754439,-0.013580226108892467,-14.381341339731378,-48.57637794377138,-81.63761034153116
1760681158.6789317,-18.826973694911867,-0.24862029967744498,0.9152372225918342,-0.030001749737314343,-13.854012389439088,-45.09559795912663,-80.55545223104468
1760681158.6891525,-19.55394567991729,-0.2880752212588297,0.9133336148549372,-0.04182142800254002,-12.849911056358627,-40.83710398101423,-78.09233013914651
1760681158.6990647,-20.257680496363914,-0.3311583395616717,0.9046727349487393,-0.04733793488807545,-11.386772768142857,-36.45760291190318,-74.64608395190083
1760681158.7088766,-20.935977185583432,-0.3697174812990515,0.8902091584891522,-0.04590710859068483,-9.531758654479548,-32.5758973221048,-70.68005445740266
1760681158.7188034,-21.58745815642875,-0.39596646359619025,0.8716442271379087,-0.03792856682733336,-7.38669926200536,-29.676826385608717,-66.65557084300232
1760681158.728846,-22.21145942299107,-0.40398556584056144,0.851203122730613,-0.024680789935036394,-5.07108673240581,-28.03590539384169,-62.97196333511464
1760681158.7388937,-22.80800898803191,-0.3909211884802782,0.8313410554475048,-0.008045051231131225,-2.705996964987602,-27.678058360751884,-59.923263560685754
1760681158.748768,-23.377911375042643,-0.35763279687578514,0.8144152519542406,0.009826902993791136,-0.40137641182383144,-28.377935178755436,-57.676514876685424
1760681158.7590258,-23.92290669241524,-0.30864333708799,0.8023703124544668,0.026843693958792235,1.7520073657778306,-29.701900990360294,-56.27200650352768
1760681158.7689493,-24.44582875697151,-0.25139268836193807,0.7964861800186797,0.041254368792450175,3.685840431109542,-31.084389119134944,-55.64174702538643
1760681158.7788165,-24.950665181664036,-0.19493797737757776,0.7972256162483639,0.05184385646758445,5.3536410639910335,-31.925380162242405,-55.639776082053054
1760681158.789018,-25.442432470323208,-0.14835574732938198,0.804195646195924,0.058026802869467854,6.727790391918146,-31.692343590146155,-56.07682493062785
1760681158.7990377,-25.92681919502125,-0.11915650416798786,0.8162145920417521,0.059837646795808046,7.796063357912146,-30.009530501819363,-56.75237165960333
1760681158.808618,-26.409608242015764,-0.11201349450544237,0.8314610867714238,0.057828498474746255,8.55937613534537,-26.719985810078892,-57.4789543195143
1760681158.8186224,-26.895948347172425,-0.12803864697879924,0.8476763449971992,0.052900585009749576,9.031848180022186,-21.910586316016836,-58.096158819552386
1760681158.8290286,-27.389590087888234,-0.16472500243968555,0.8623944183615022,0.046107720971837914,9.243260009502825,-15.896999420776158,-58.47438913578191
1760681158.8387797,-27.892220572485176,-0.21654063130522624,0.8731836404671641,0.03847511431192105,9.24285892659703,-9.17253685727499,-58.510783345820336
1760681158.8489344,-28.4030189971231,-0.27603141236308215,0.8778905336530488,0.030868776390656067,9.102601959135802,-2.3310562289161276,-58.12098834784095
1760681158.8586233,-28.918515244204208,-0.335196691087253,0.8748793195156312,0.023932306535286572,8.917624692882642,4.021922525006338,-57.230718857428045
1760681158.8688993,-29.432776809626702,-0.3868637876381232,0.8632540586550942,0.018087804292127363,8.80210601803075,9.354635851169387,-55.770231960269
1760681158.8790689,-29.937889927650257,-0.4258095650476762,0.8430406194348632,0.013584227865329104,8.879689146491248,13.277693495696786,-53.673475836346555
1760681158.8888922,-30.424651907098973,-0.4494481267646241,0.8152988789983102,0.010571630651109635,9.26897002207894,15.586776813828275,-50.88221286627122
1760681158.8988035,-30.883362808218227,-0.4580025734648269,0.782136009770396,0.00918013524480651,10.065911987930305,16.275624180077262,-47.35420277627106
1760681158.9086683,-31.304599648371184,-0.45418170105524475,0.7466001329309426,0.009583961572350636,11.326032460134352,15.520682062084695,-43.0736809954073
1760681158.918655,-31.679873092539925,-0.4424675892411068,0.7124488065758027,0.012031781872211527,13.049604011415154,13.642900686399852,-38.0619013230417
1760681158.928959,-32.00209877264916,-0.42817411588816534,0.683805487203956,0.01682762905863482,15.172867665031855,11.054721308899477,-32.38544537439737
1760681158.938893,-32.2658559666692,-0.4164569038426375,0.6647341746262638,0.02425518517954006,17.567466068608375,8.201286596328378,-26.160326502926278
1760681158.9489114,-32.467448411536765,-0.4114449662668695,0.6587745452671024,0.03445278792589638,20.04913855535904,5.504484269251161,-19.5505491819795
1760681158.9590263,-32.6048174814417,-0.4156270850189601,0.6684872299650803,0.047262977815307396,22.395355211465457,3.3168643282658157,-12.760590118095752
1760681158.96897,-32.67737832224263,-0.4295671552124098,0.6950620973256437,0.06209358300486424,24.370169916899542,1.8900843598473425,-6.022118927193397
1760681158.97862,-32.68584908753754,-0.45195475326363405,0.7380405226013703,0.07783249534236206,25.75333495127937,1.3597796062239735,0.42394477132557695
1760681158.98888,-32.632122262004884,-0.4799388682911855,0.7951960682404084,0.09285213676168164,26.369858868838133,1.7461353758954545,6.3483467431666245
1760681158.9987352,-32.5191919078119,-0.5096587107431657,0.8626094021682231,0.10512240616427602,26.11587892167161,2.9674208023908895,11.555315454407596
1760681159.0088568,-32.35111386488088,-0.5368779224884448,0.9349632695170592,0.11242719550996651,24.977033388644305,4.862603394532413,15.902978026750691
1760681159.019032,-32.13295189243197,-0.5576389688613141,1.006066884295547,0.11265528753222465,23.036412338559355,7.2189064251776145,19.319922066335366
1760681159.0288801,-31.87066092704322,-0.5688690355534487,1.0695870529523293,0.10411679815917046,20.470461753080475,9.80054732009604,21.815433020074735
1760681159.0386763,-31.570876424624373,-0.568873266987257,1.1199100651577156,0.0858270100325233,17.532656819924306,12.375554040758619,23.481258193163892
1760681159.0487456,-31.240602431230855,-0.5576420429783541,1.1529923722648068,0.05770529664560021,14.526148063762738,14.738239538192866,24.483666535677
1760681159.0587418,-30.88680770440077,-0.5368922057972261,1.1670070876637222,0.020655686163380278,11.767910096401792,16.725581529922724,25.046104077976672
1760681159.068777,-30.515948789889208,-0.5097856203334616,1.1625965954372264,-0.02348300309145587,9.54831761308221,18.226548464467914,25.42449155262225
1760681159.0789802,-30.13345329573464,-0.48033796376572957,1.1426257189845617,-0.07211416908196987,8.09153768799964,19.184431687602114,25.878565879029757
1760681159.0886586,-29.743225286175594,-0.45262976727841886,1.111479402556271,-0.1221723578599166,7.5232332381288245,19.593294160203687,26.64318883330814
1760681159.0985305,-29.347268719377514,-0.43001333286463533,1.074100570220601,-0.17049286778026837,7.852019154303513,19.490288742639304,27.903187462392545
1760681159.1087413,-28.945536570658792,-0.4145225676160382,1.0350438262736994,-0.21421037295885625,8.96927520496339,18.94555474812668,29.774383387766918
1760681159.1192427,-28.536080665223015,-0.4066228450442254,0.9977937706417672,-0.2511183059193396,10.668418339396306,18.05087103916018,32.2924821098785
1760681159.128926,-28.115507177023435,-0.4053210686083267,0.9644839122854381,-0.27991808429602333,12.680485474454091,16.907740240458562,35.41070087610709
1760681159.1387784,-27.679665487707265,-0.40855199176693463,0.9360086759343027,-0.30030560612882307,14.719156230276244,15.61546852480362,39.00632999901969
1760681159.148552,-27.224443649908242,-0.41370490503110846,0.9124029212156419,-0.31288027863063367,16.5262738493712,14.260067064628736,42.895588392955865
1760681159.1588175,-26.74652688008856,-0.4181565715223837,0.8933068149624943,-0.3189065317006825,17.90908183825825,12.905142102952581,46.85506365886942
1760681159.1688006,-26.24399460284585,-0.4197096426337014,0.8783479656939658,-0.3199925630819919,18.762670290746495,11.58604228728361,50.64697044397478
1760681159.1791892,-25.71667365764444,-0.4168774511292359,0.8673405587093683,-0.3177653232513175,19.074790255077005,10.308233106706345,54.04481951326341
1760681159.1886985,-25.166214533758737,-0.40899416198634764,0.8602883814065257,-0.3136124194459495,18.91416045888653,9.050237172747094,56.85610911372265
1760681159.1988761,-24.59590235588989,-0.3961617171676091,0.8572492280110906,-0.3085347024053805,18.406590979459665,7.770743146070123,58.93931243753704
1760681159.2087824,-24.010249621384737,-0.3790714046836632,0.8581509995624679,-0.3031172213987665,17.70500224074505,6.418868234288461,60.2135480115616
1760681159.2186956,-23.414442384111645,-0.35875508282523766,0.8626440597080118,-0.2975942955982299,16.959592369275498,4.946166869101602,60.66060538595781
1760681159.2287574,-22.81372597079432,-0.3363261946234992,0.8700430680624106,-0.2919672997258844,16.293304522384698,3.318808254181261,60.320164076023346
1760681159.2388096,-22.212820887005538,-0.31276482717307036,0.8793710791680703,-0.2861334094260405,15.78587582424353,1.5283428667035799,59.27987041437531
1760681159.2489622,-21.615454923578646,-0.28878790502293256,0.8894837765694605,-0.27999463950955694,15.467643089323127,-0.40040997681183155,57.662325590340075
1760681159.2590375,-21.024083441607793,-0.2648270608842291,0.8992328463575655,-0.27353189278010276,15.322383125266326,-2.4056121821009913,55.61100207943288
1760681159.268837,-20.43984489084979,-0.24111200191810797,0.9076270511448757,-0.26684258582431736,15.297071177802597,-4.389722093447578,53.27674866453685
1760681159.2789042,-19.862762218112636,-0.21782794545920367,0.9139602975963332,-0.26014849308474813,15.315689868663492,-6.226297153100241,50.80602374741572
1760681159.288627,-19.292157146748124,-0.19529129466602282,0.9178881581442672,-0.2537812854043923,15.294126635828388,-7.771989110148144,48.33146904294887
1760681159.2986698,-18.727203216056022,-0.1740809184036256,0.9194439636354657,-0.24814955638330483,15.153655505251415,-8.882557877303631,45.965002230885524
1760681159.3089044,-18.16751644534312,-0.1550779982639019,0.9189942838068154,-0.24368816330325077,14.83129824804111,-9.430879054193202,43.79329279894913
1760681159.3186731,-17.61367686978399,-0.13939799906872966,0.9171429496211428,-0.2407922328348656,14.286248868695065,-9.324364516556935,41.87527865228664
1760681159.3290546,-17.067589943222565,-0.12823091005831935,0.9146017590019706,-0.2397439441352878,13.502322441249389,-8.51915038262007,40.24129323602779
1760681159.3388517,-16.53262750887723,-0.12262973871240733,0.9120522572491099,-0.24064645953099767,12.486952572165759,-7.028859997497453,38.89343706910295
1760681159.3488398,-16.01352506864295,-0.12329710535269067,0.9100245068069652,-0.24338161743744466,11.267591501553817,-4.926597814806266,37.807038382568216
1760681159.359206,-15.516048579457635,-0.1304161660342239,0.9088147806452374,-0.24760400053073703,9.886484073335124,-2.33986247373378,36.93331951046482
1760681159.3686154,-15.046475645714443,-0.1435590996793488,0.9084553573476963,-0.25277526986644905,8.394736758748898,0.5609359448213896,36.20358347245394
1760681159.3788204,-14.610958975177484,-0.1616886060963524,0.9087383290713402,-0.2582332096761972,6.8464517310440085,3.5788692381288545,35.535247561420505
1760681159.388812,-14.214850203139793,-0.18324871306539461,0.9092844130793053,-0.26328300097158974,5.293506039122685,6.509791354431826,34.83983909215162
1760681159.398647,-13.862057937624646,-0.20632401461709377,0.9096392883166278,-0.2672945153619837,3.7813624458269666,9.162331025172135,34.032669558340864
1760681159.4087007,-13.554499741294478,-0.22883590750299665,0.9093752486753223,-0.2697885111082178,2.346117070906364,11.376434553013075,33.04341131634859
1760681159.4187274,-13.291694031396313,-0.2487444814187937,0.9081761358605048,-0.2704969577406503,1.0128297252662104,13.038618588605974,31.82633582465501
1760681159.428931,-13.070532893844842,-0.2642341275851715,0.9058891259622766,-0.2693887709239188,-0.20494435326731064,14.092553503033539,30.3686521717308
1760681159.439016,-12.885279413211084,-0.27387272186977596,0.9025367666632098,-0.266660835354143,-1.3045836201328236,14.544120825413806,28.695322903811018
1760681159.4492755,-12.727833344547227,-0.27674174379141253,0.8982938532253061,-0.26270282202510237,-2.2929791350654436,14.460578897783437,26.869034142171536
1760681159.458792,-12.588293944008244,-0.2725350169024269,0.8934430700594354,-0.25805033479625145,-3.184443972520519,13.96389788440755,24.984693503612903
1760681159.4690487,-12.455808427503698,-0.2616170305696836,0.8883282841884655,-0.25334190529809564,-3.998130654278697,13.218725392654113,23.15882430945235
1760681159.478804,-12.319629238330352,-0.24502262132780622,0.8833237489627354,-0.24928957849708308,-4.7551578841487006,12.415866142983278,21.515292806471308
1760681159.4885662,-12.170231524570353,-0.22437763301852123,0.8788314038067693,-0.24666127819458267,-5.4756837661628595,11.75261357562224,20.169658790105355
1760681159.4988363,-12.00029580242581,-0.2017320508246681,0.8753081652298331,-0.24626067368347368,-6.176187063074971,11.411713574271197,19.21480300594026
1760681159.50947,-11.805366688983256,-0.17931990821182892,0.8733131432461839,-0.2488836024599049,-6.867228659798915,11.541082755640081,18.710192275943562
1760681159.5188,-11.584062692667084,-0.159283351534569,0.8735548779522004,-0.255233776616625,-7.551975785472641,12.236542316874694,18.67624543155495
1760681159.5287898,-11.33781694563983,-0.14341176838005965,0.8769143270428559,-0.2657937667108714,-8.225789840896573,13.52967776452298,19.094023562030227
1760681159.538665,-11.07024177946644,-0.13294561383838593,0.8844215693895068,-0.28066446796374506,-8.877188256762274,15.38246344598819,19.909252561988854
1760681159.548852,-10.78629431332703,-0.12847769030820697,0.8971721971814864,-0.2994009952940465,-9.490435366536481,17.689542760293342,21.03884880484579
1760681159.5589416,-10.491448758325502,-0.12995732538801408,0.916181728906118,-0.32088186836297533,-10.049821564114845,20.288136755375163,22.377908221500302
1760681159.568718,-10.191050037204505,-0.1367766157587531,0.9421913526938608,-0.34325077483598887,-10.545325982175012,22.974605841966405,23.805575798646153
1760681159.5787134,-9.889951884372147,-0.14790366325473472,0.9754533149115189,-0.3639657014839735,-10.978895584702531,25.525858306439954,25.18913712460824
1760681159.588768,-9.592458853249745,-0.1620281980606522,1.0155358998499595,-0.37997805092245046,-11.370161410182776,27.723185552000317,26.386719704481788
1760681159.5986369,-9.302518326507084,-0.17769522949144975,1.0611928089594995,-0.38804476735425597,-11.76021072481485,29.375725302082245,27.249810709192747
1760681159.6086752,-9.024059213938225,-0.1934157910068685,1.1103374323857853,-0.3851514871266561,-12.212150496023233,30.340611075750996,27.6271494863856
1760681159.6189504,-8.76135369205858,-0.20775476731291329,1.160148526740286,-0.36899796554589737,-12.807644835825993,30.53703631050203,27.37135664560861
1760681159.628722,-8.51928487254556,-0.21940030291986107,1.2073122259139981,-0.3384736871842681,-13.63928500380857,29.95208161715907,26.34898260693364
1760681159.6387627,-8.30343041928937,-0.2272182465213294,1.2483798380820879,-0.2940375877721656,-14.799379804076999,28.637315495035704,24.453657865773266
1760681159.6492565,-8.119913953771022,-0.23029442117639262,1.2801950122257777,-0.23791596998021303,-16.366378879464595,26.696812856055676,21.620914135694033
1760681159.658469,-7.975027849048847,-0.22797263225048056,1.3003209699976865,-0.17404918703684377,-18.390595909554765,24.269019761397573,17.84225518773304
1760681159.6688838,-7.874686438428125,-0.21990564190670853,1.3073846150064148,-0.10775074786681471,-20.88119720499172,21.506282527110436,13.175435066605948
1760681159.678627,-7.823817754431563,-0.20614017562938183,1.3012588476900413,-0.045091073203729445,-23.796558282649922,18.556310763293276,7.747874009658839
1760681159.6886537,-7.825831903478036,-0.18724451782452442,1.2830343060354987,0.007922565179843778,-27.039964810076096,15.549086984354446,1.7508488005377945
1760681159.698886,-7.882303509672022,-0.16445726537256783,1.2547827666347022,0.04624089163650936,-30.462109462878736,12.590900809629058,-4.576482915001893
1760681159.7089725,-7.992969090076839,-0.13980120200189003,1.219169444433131,0.06657715773575117,-33.870907031168784,9.764779698494658,-10.972251336709327
1760681159.7187037,-8.156072830474088,-0.1160864074366981,1.1790096044969895,0.06795878625225626,-37.048014500419,7.134394259825787,-17.183275044834296
1760681159.7291,-8.36901195646393,-0.09673604067852862,1.136872977040781,0.05190850424657544,-39.770376387393476,4.747389380226046,-22.99814287322597
1760681159.7393692,-8.629158200761776,-0.08540907618076363,1.094816380647646,0.022213293758915002,-41.83428705408077,2.634615271696471,-28.276603115491135
1760681159.7489195,-8.934685529198418,-0.08545476727381318,1.0542808902506122,-0.015674502538998505,-43.07891044250528,0.803871833234865,-32.97002999027504
1760681159.7588537,-9.285227343872162,-0.09929131534747417,1.0161422626713414,-0.05548697119287573,-43.40596191651892,-0.7702210875645712,-37.12887172791208
1760681159.7691958,-9.68221728426314,-0.1278345944817613,0.9808686534750592,-0.0910832000330721,-42.792459644151684,-2.155965995902983,-40.894904884436656
1760681159.7786505,-10.128826401215264,-0.17010387706824723,0.9487245873777718,-0.11732283771735469,-41.29423865270099,-3.4685054385256375,-44.47844097804329
1760681159.789075,-10.629483451974222,-0.22310655760675893,0.9199605478423584,-0.13073643446404093,-39.03929850735076,-4.863313566571501,-48.12297274161618
1760681159.7988875,-11.189041781948378,-0.28206073083095373,0.8949366530137296,-0.12990466599107223,-36.21179896178925,-6.517275583655113,-52.061841109279136
1760681159.809086,-11.811721938181634,-0.3409543901135464,0.8741450419037805,-0.11551174541256173,-33.02921403815876,-8.598919198815794,-56.473121305409286
1760681159.8186562,-12.500000391087706,-0.3933670027996434,0.8581214352638276,-0.09009052236400135,-29.71633899303925,-11.232730417844392,-61.439760312639116
1760681159.82888,-13.253623808114298,-0.4334131723008636,0.8472706265130986,-0.057522064351180444,-26.480163275369147,-14.464676981300876,-66.92173110909594
1760681159.8389518,-14.068906649698539,-0.45663656148718373,0.8416624620244875,-0.02238447705697381,-23.489032148218513,-18.236533325812054,-72.74550137863024
1760681159.8486748,-14.938425863983017,-0.4606964005456795,0.8408687379448687,0.010741169249428336,-20.85835053096121,-22.375365301186505,-78.61367743571574
1760681159.8588586,-15.851170614138136,-0.44573582937446066,0.8438997637202762,0.03790619694754133,-18.64380163109383,-26.601985468043264,-84.13470702008482
1760681159.868908,-16.79314585345889,-0.41438012715687444,0.8492679845932071,0.056289592659814446,-16.84196107373058,-30.558863792071122,-88.86943454384092
1760681159.8788857,-17.7483709203074,-0.3713697217529133,0.8551682917198989,0.06449928459109494,-15.397376994310662,-33.854458974550944,-92.38846796453639
1760681159.8888838,-18.70016040802822,-0.32288263391993494,0.8597331915258818,0.06265611155593384,-14.214654202416474,-36.11783703631175,-94.33212788598895
1760681159.8986042,-19.632528657316666,-0.27564336906051945,0.8613050996555662,0.05226786801127183,-13.17376741590975,-37.05530300307356,-94.46368328167306
1760681159.9088485,-20.5315304849565,-0.23594920888330975,0.8586712781678282,0.03592714454532703,-12.146653918589124,-36.49994396170776,-92.70711148074908
1760681159.918945,-21.386350034504016,-0.2087639501135969,0.8512245650217244,0.01688512008256656,-11.013098145488007,-34.445624011141966,-89.16295536516422
1760681159.9288054,-22.189982723666926,-0.1970239232428693,0.8390345476307249,-0.0014360889471736354,-9.6741162614974,-31.059033571878228,-84.09961574837385
1760681159.9388824,-22.93941882916828,-0.20126765821944886,0.822830393562549,-0.015926620091709177,-8.06152963733182,-26.666611087903483,-77.92168192751019
1760681159.9490044,-23.63531966326381,-0.2196456181678839,0.8039056015330109,-0.024206044655712276,-6.143077224361662,-21.71707695944522,-71.12061761249969
1760681159.9588156,-24.281262477704455,-0.24830378127982658,0.7839594573206117,-0.024924541465820554,-3.9230737539302116,-16.724349474837577,-64.21557495439438
1760681159.9689481,-24.88270150396555,-0.2820769003833989,0.7648945752199117,-0.017914156323877852,-1.4391495176126263,-12.19904588706296,-57.693056820500914
1760681159.978899,-25.445835071543804,-0.31537981978372615,0.7485955513468621,-0.004174353796856034,1.244027143887916,-8.578958482433475,-51.95366985660985
1760681159.9888806,-25.976571461436205,-0.34315006081993255,0.7367163074756211,0.014304950876605039,4.042946133658666,-6.169433424529148,-47.27259764613355
1760681159.9988513,-26.47974516793311,-0.36167687883459715,0.7304995821068209,0.03486086488650966,6.864249366193841,-5.103347356571656,-43.77805744327567
1760681160.0088532,-26.958659182592996,-0.36916147396816523,0.7306435989442344,0.05457555853122913,9.613537418220323,-5.327452467204163,-41.449267573827605
1760681160.0189373,-27.414941841335747,-0.3658987442440917,0.7372233625646656,0.07073794209569535,12.203232179261605,-6.617534277166544,-40.13271333698865
1760681160.029032,-27.848640766044614,-0.35404965372989594,0.7496692038142495,0.08127757878001929,14.558958557727097,-8.619711179127702,-39.57312055204244
1760681160.0388877,-28.258453023989883,-0.33706541166103743,0.7668020686181858,0.08509320145138145,16.624072391805964,-10.910293531862095,-39.45384336150239
1760681160.0489738,-28.64200690170607,-0.31890174082681266,0.7869231226226318,0.08220811023941209,18.36212291013333,-13.063100900717751,-39.44054308033274
1760681160.0588691,-28.99614542974571,-0.30320095198494557,0.8079544154246315,0.07371516479591064,19.757279342538716,-14.711954976424718,-39.22211880996758
1760681160.0688431,-29.317193848776544,-0.2926140658713071,0.8276258939902171,0.06152118270273376,20.81305558201092,-15.597521699823307,-38.54376008573071
1760681160.0789115,-29.60121268579863,-0.2883913342594679,0.843699910223956,0.047951256711561564,21.549900053792587,-15.5913498230915,-37.22855706680157
1760681160.089002,-29.844245527246105,-0.2903018187832857,0.8542178280222457,0.03530924437353759,22.002251104514794,-14.694911550057402,-35.186084695665386
1760681160.0988548,-30.04257145367638,-0.2968695629692475,0.8577467270775729,0.025495918920143624,22.21547380811694,-13.016520168706561,-32.408468961939846
1760681160.1089365,-30.19297113913883,-0.30585237304250434,0.8535997552824903,0.019758246095013435,22.242782151296808,-10.733066504440957,-28.95632383369701
1760681160.1185884,-30.293011571333576,-0.31484911656234976,0.8420028286093773,0.018595696292796043,22.141953161041467,-8.04580365573847,-24.938320974643304
1760681160.128932,-30.341340746421572,-0.3219044935582608,0.8241832979667504,0.021805148133415247,21.97150601152034,-5.139605482539834,-20.48877167763286
1760681160.1388686,-30.337957995736815,-0.32598558175362374,0.8023610778224357,0.028621489651739534,21.786145850316004,-2.153386902004205,-15.747342744472784
1760681160.1488671,-30.284397966948195,-0.32723233639166766,0.7796274131474314,0.037907457502343436,21.631622473922796,0.8337421948708232,-10.844010291991223
1760681160.158818,-30.183756387556528,-0.326932637974797,0.7597015144775748,0.048353581181953056,21.53955202078709,3.7997456132019662,-5.890876101489803
1760681160.1688383,-30.04050825039436,-0.3272322924044521,0.7465640324802978,0.05865807269337633,21.522998057228396,6.763064525242117,-0.9808642259117235
1760681160.178857,-29.860120714567284,-0.33064634334033255,0.7439819082655125,0.06766428727617584,21.57362721922896,9.75755971951574,3.808117894556334
1760681160.1890402,-29.648523172519887,-0.3394761962418628,0.7549620677569397,0.07444159359932992,21.661106750344853,12.805720837917898,8.405978787450357
1760681160.199026,-29.411540221781998,-0.3552513874169096,0.7811990285589548,0.07830630156119375,21.73520727116802,15.896649196126463,12.743055089434632
1760681160.2089531,-29.15440302724756,-0.3783071568265348,0.8226077163703914,0.07879225472450832,21.730862949662587,18.9737251776414,16.745194975159503
1760681160.2188635,-28.881429206048434,-0.40758430274812973,0.8770482019541219,0.07559154332914257,21.57617758011977,21.934335628424748,20.333219667080684
1760681160.2288284,-28.59591313904903,-0.4407004954012059,0.9403423486300078,0.06848919840360221,21.20296737520977,24.641164346396085,23.427519432404203
1760681160.2388914,-28.30021580076773,-0.47429422086525314,1.0066451610910736,0.057310797086339224,20.55887583166619,26.94203403586037,25.957252657477703
1760681160.2490377,-27.996000476127996,-0.5045861921485786,1.0691669163820976,0.041894913612854294,19.619468914355522,28.69371254888218,27.872495232166496
1760681160.2588053,-27.684535464978595,-0.5280501687422301,1.121158553673573,0.022100910355466904,18.398192706956635,29.784666314222747,29.156951391691532
1760681160.268813,-27.366980299054465,-0.542057255387686,1.1569925960467644,-0.0021356633090573317,16.951839574744984,30.152278089079577,29.838544637230545
1760681160.279035,-27.044588504147928,-0.5453667625736447,1.1731180155065721,-0.03069639557033857,15.379377395650657,29.791260352724375,29.99529997248719
1760681160.2889175,-26.7187914532521,-0.5383695136884179,1.1686635585164304,-0.06314449871135436,13.812787884163283,28.75174544899825,29.754362611290073
1760681160.2992396,-26.391161429494986,-0.5230262571816063,1.1455283687052196,-0.09861118724161173,12.400045995981815,27.127717784909144,29.282856892849065
1760681160.3090568,-26.06327547442516,-0.5024871814636157,1.1079270435136768,-0.13576026571641855,11.282431542030992,25.038683667487543,28.770690369148898
1760681160.3188114,-25.73651206691057,-0.4804456585547253,1.0615084448874563,-0.17286390752320105,10.570397930332518,22.609007574872987,28.40721593102125
1760681160.3290207,-25.41181645512165,-0.4603627201520372,1.0122821791142924,-0.20798694355996683,10.323321063868615,19.949565705980767,28.35536892961551
